timestamp,mode,gps_lat,gps_lon,gps_alt,ekf_lat,ekf_lon,ekf_alt,uncertainty,step_count,pressure_hpa
2026-05-01 15:59:23.547,GPS LOCK,52.1983096,0.1204681,62.099998474121094,52.19830622615928,0.12047960087243398,-16.094394476031727,0.7254214391181919,0,1015.349765625
2026-05-01 15:59:24.683,GPS LOCK,52.1983096,0.1204681,62.099998474121094,52.19830622441369,0.12047959723978859,-16.894913782966288,0.7937316576631893,0,1015.3678125
2026-05-01 15:59:25.799,GPS LOCK,52.1983096,0.1204681,62.099998474121094,52.198306222834375,0.12047959395395659,-17.17359435897185,0.8894336085175536,0,1015.37171875
2026-05-01 15:59:26.933,GPS DEGRADED,52.1983096,0.1204681,62.099998474121094,52.19830622140241,0.12047959098578893,-17.30072222242692,1.0002528881757906,0,1015.360703125
2026-05-01 15:59:28.044,GPS DEGRADED,52.1983096,0.1204681,62.099998474121094,52.19830622010785,0.12047958829971796,-17.372557065606287,1.1183774074090067,0,1015.37171875
2026-05-01 15:59:29.160,GPS DEGRADED,52.1983096,0.1204681,62.099998474121094,52.19830621893845,0.12047958586772467,-17.4259667249006,1.2392060018487225,0,1015.38046875
2026-05-01 15:59:30.283,GPS LOCK,52.1983111,0.1204669,62.29999923706055,52.19830615319247,0.12047907434585182,-17.48103069766198,1.3059703239511713,0,1015.381015625
2026-05-01 15:59:31.397,GPS LOCK,52.1983111,0.1204669,62.29999923706055,52.19830613574653,0.12047903797597333,-17.52748363176121,1.420313510330689,0,1015.390234375
2026-05-01 15:59:32.488,GPS LOCK,52.1983112,0.1204661,62.29999923706055,52.198306009158685,0.12047843168161237,-17.43360418178698,1.4443259127067831,0,1015.59265625
2026-05-01 15:59:33.595,GPS LOCK,52.1983112,0.1204661,62.29999923706055,52.198305972167155,0.12047838204221906,-17.58161455266189,1.5428430501663022,0,1015.430625
2026-05-01 15:59:34.709,GPS LOCK,52.1983112,0.1204661,62.29999923706055,52.1983059489424,0.12047831573043247,-17.62345270435889,1.6451071701065256,0,1015.3796875
2026-05-01 15:59:35.894,GPS DEGRADED,52.1983112,0.1204661,62.29999923706055,52.198305933801265,0.12047825088681233,-17.635429237475517,1.7446525258078518,0,1015.3815625
2026-05-01 15:59:37.098,GPS LOCK,52.1983113,0.1204683,62.29999923706055,52.198305906190946,0.1204776917324623,-17.64649680897566,1.6454699832603739,0,1015.373203125
2026-05-01 15:59:38.310,GPS LOCK,52.1983113,0.1204683,62.29999923706055,52.19830589118767,0.12047762262408643,-17.639103333903726,1.7304563986795793,0,1015.36453125
2026-05-01 15:59:39.436,GPS DEGRADED,52.1983113,0.1204683,62.29999923706055,52.198305878135294,0.1204775603406574,-17.615654784352063,1.8154537784774303,0,1015.3425
2026-05-01 15:59:40.570,GPS DEGRADED,52.1983113,0.1204683,62.29999923706055,52.19830586625173,0.12047750432515537,-17.581990898937576,1.9005879988162568,0,1015.33296875
2026-05-01 15:59:41.672,GPS DEGRADED,52.1983113,0.1204683,62.29999923706055,52.19830585499883,0.12047745404415527,-17.556986541007504,1.9860877112999962,0,1015.394296875
2026-05-01 15:59:42.788,GPS DEGRADED,52.1983113,0.1204683,62.29999923706055,52.19830584466339,0.12047740870423694,-17.58574611066265,2.07183605621726,0,1015.36421875
2026-05-01 15:59:43.894,GPS LOCK,52.1983105,0.1204714,62.099998474121094,52.198306049354194,0.1204767258604407,-17.557023303957,1.5534099267109196,0,1015.29203125
2026-05-01 15:59:44.991,GPS LOCK,52.1983106,0.1204733,62.099998474121094,52.19830639326045,0.12047673848719977,-17.54729310442156,1.3683110994274665,0,1015.6146875
2026-05-01 15:59:46.390,GPS LOCK,52.1983106,0.1204733,62.099998474121094,52.198306380087494,0.12047666234233115,-17.532563118956567,1.4308285271799401,0,1015.269765625
2026-05-01 15:59:47.717,GPS DEGRADED,52.1983106,0.1204733,62.099998474121094,52.1983063654901,0.12047659497195788,-17.473737408459293,1.4987515642175522,0,1015.56265625
2026-05-01 15:59:49.062,GPS DEGRADED,52.1983106,0.1204733,62.099998474121094,52.19830635151208,0.12047653425757383,-17.487862825351755,1.5712734601615685,0,1015.263671875
2026-05-01 15:59:50.447,GPS DEGRADED,52.1983106,0.1204733,62.099998474121094,52.19830633799403,0.12047647986274485,-17.435627503576562,1.6472333516329667,0,1015.30484375
2026-05-01 15:59:51.753,GPS DEGRADED,52.1983106,0.1204733,62.099998474121094,52.19830632676767,0.12047643017399462,-17.43019639481967,1.7257547758116734,0,1015.2621875
2026-05-01 15:59:53.087,TRUENORTH ACTIVE,52.1983106,0.1204733,62.099998474121094,52.19830631823042,0.12047638421190104,-17.415766139337556,1.8063532871261307,0,1015.265390625
2026-05-01 15:59:54.441,TRUENORTH ACTIVE,52.1983106,0.1204733,62.099998474121094,52.19830631140412,0.12047634223645759,-17.38058163925638,1.888162950967444,0,1015.34171875
2026-05-01 15:59:55.813,TRUENORTH ACTIVE,52.1983106,0.1204733,62.099998474121094,52.19830630401073,0.12047630490813932,-17.336330678537475,1.9709204058201535,0,1015.22609375
2026-05-01 15:59:57.138,TRUENORTH ACTIVE,52.1983106,0.1204733,62.099998474121094,52.1983062969517,0.12047627131417606,-17.391902365989843,2.054210460242919,0,1015.2459375
2026-05-01 15:59:58.458,TRUENORTH ACTIVE,52.1983106,0.1204733,62.099998474121094,52.19830629084884,0.12047624078081746,-17.325174908290727,2.1376136986986984,0,1015.37375
2026-05-01 15:59:59.809,TRUENORTH ACTIVE,52.1983106,0.1204733,62.099998474121094,52.19830628498202,0.12047621333188309,-17.303395179731325,2.220875155871766,0,1015.52015625
2026-05-01 16:00:01.151,TRUENORTH ACTIVE,52.1983106,0.1204733,62.099998474121094,52.198306278811145,0.12047618898492639,-17.362710738941306,2.3037469228162717,0,1015.37328125
2026-05-01 16:00:02.453,TRUENORTH ACTIVE,52.1983106,0.1204733,62.099998474121094,52.19830627367056,0.12047616676728146,-17.476926679327846,2.3860020209907673,0,1015.459375
2026-05-01 16:00:03.654,TRUENORTH ACTIVE,52.1983106,0.1204733,62.099998474121094,52.19830626901439,0.12047614666427311,-17.465889720333713,2.4676643840348818,0,1015.46078125
2026-05-01 16:00:04.770,GPS LOCK,52.1983097,0.1204719,62.099998474121094,52.1983062430207,0.12047590358422688,-17.478638429948898,2.405689272308729,0,1015.338359375
2026-05-01 16:00:05.887,GPS LOCK,52.1983097,0.1204719,62.099998474121094,52.19830623851806,0.12047587938145439,-17.442254573855212,2.481761723913611,0,1015.21640625
2026-05-01 16:00:06.993,GPS DEGRADED,52.1983097,0.1204719,62.099998474121094,52.19830623400323,0.12047585813720864,-17.197273728950282,2.556082411950605,0,1015.19765625
2026-05-01 16:00:08.102,GPS DEGRADED,52.1983097,0.1204719,62.099998474121094,52.19830622824965,0.120475839136486,-17.136731373072827,2.6315588420521463,0,1015.2946875
2026-05-01 16:00:09.215,GPS DEGRADED,52.1983097,0.1204719,62.099998474121094,52.19830622233378,0.1204758222836767,-17.128520073920416,2.706938562720178,0,1015.310703125
2026-05-01 16:00:10.322,GPS LOCK,52.1983087,0.120473,62.099998474121094,52.1983062026003,0.12047521315158907,-17.141396523437866,2.0779650717575904,0,1015.329609375
2026-05-01 16:00:11.447,GPS LOCK,52.1983087,0.120473,62.099998474121094,52.198306192002974,0.12047518195745298,-17.153434011585084,2.1334207493667714,0,1015.323359375
2026-05-01 16:00:12.559,GPS LOCK,52.1983087,0.120473,62.099998474121094,52.19830618175103,0.12047515439535188,-17.16513904587927,2.191897791408415,0,1015.31421875
2026-05-01 16:00:13.674,GPS DEGRADED,52.1983087,0.120473,62.099998474121094,52.198306172239825,0.12047512976415314,-17.175359329420132,2.2530163579019575,0,1015.327734375
2026-05-01 16:00:14.791,GPS DEGRADED,52.1983087,0.120473,62.099998474121094,52.19830616355811,0.12047510761286723,-17.18901420455443,2.316412889077782,0,1015.32484375
2026-05-01 16:00:15.910,GPS DEGRADED,52.1983087,0.120473,62.099998474121094,52.19830615566159,0.12047508764667943,-17.19823578750295,2.381721652445866,0,1015.327734375
2026-05-01 16:00:17.029,GPS LOCK,52.1983087,0.120473,62.099998474121094,52.19830621456463,0.12047486482088032,-17.20497343084264,1.938797130454025,0,1015.326171875
2026-05-01 16:00:18.172,GPS LOCK,52.1983087,0.120473,62.099998474121094,52.19830620791264,0.12047484801473123,-17.20786532412891,1.9942224214411968,0,1015.32875
2026-05-01 16:00:19.297,GPS LOCK,52.1983068,0.1204727,62.099998474121094,52.19830610712305,0.12047424198902519,-17.208790514157904,1.6566895849212229,0,1015.316875
2026-05-01 16:00:20.411,GPS LOCK,52.198307,0.12048,62.099998474121094,52.1983064254592,0.12047554345789475,-17.204380742167714,1.5128096446860373,0,1015.305625
2026-05-01 16:00:21.523,GPS LOCK,52.1983076,0.1205003,62.099998474121094,52.19830709373163,0.12047840758279264,-17.195116335685945,1.4745770185727634,0,1015.308359375
2026-05-01 16:00:22.675,GPS LOCK,52.1983076,0.1205003,62.099998474121094,52.19830713100263,0.12047850142514972,-17.18818199217403,1.5321460770263575,0,1015.324609375
2026-05-01 16:00:23.790,GPS LOCK,52.1983102,0.1205573,62.099998474121094,52.19830807049029,0.12048212003057937,-17.183645461884268,1.5576648327399343,0,1015.31765625
2026-05-01 16:00:24.904,GPS LOCK,52.1983121,0.1204891,62.099998474121094,52.19830829140174,0.1204823911494923,-17.08513147057037,1.567077133348956,0,1015.4246875
2026-05-01 16:00:26.006,GPS LOCK,52.198313,0.1204863,62.099998474121094,52.19830858400784,0.12048293018160712,-17.10988333105639,1.567596280986212,0,1015.33359375
2026-05-01 16:00:27.124,GPS LOCK,52.1983143,0.120488,62.099998474121094,52.19830882043338,0.12048356814598031,-17.101321851101524,1.5989155318222172,0,1015.281875
2026-05-01 16:00:28.253,GPS LOCK,52.1983162,0.1204957,62.099998474121094,52.1983091959407,0.1204847167176566,-17.049024640563427,1.6019673892585082,0,1015.231171875
2026-05-01 16:00:29.382,GPS LOCK,52.19833,0.1204909,62.099998474121094,52.19830993448877,0.12048630271397191,-17.03720220916463,1.598408171167557,0,1015.29625
2026-05-01 16:00:30.491,GPS LOCK,52.1983278,0.1204779,62.099998474121094,52.19831023583792,0.12048690216367364,-17.069088462097188,1.609016126874786,0,1015.393203125
2026-05-01 16:00:31.591,GPS LOCK,52.1983278,0.1204887,62.099998474121094,52.19831064220223,0.12048796459115867,-17.119655203388024,1.6191410953830285,0,1015.273203125
2026-05-01 16:00:32.699,GPS LOCK,52.1983339,0.1205045,62.099998474121094,52.19831142259047,0.12048994119452691,-17.123590581891655,1.6415274304888547,0,1015.298359375
2026-05-01 16:00:33.788,GPS LOCK,52.1983403,0.1205197,62.099998474121094,52.19831251057469,0.12049298384120358,-17.135435288984567,1.661611770541874,0,1015.31078125
2026-05-01 16:00:34.915,GPS LOCK,52.1983407,0.1205424,62.099998474121094,52.19831403966952,0.12049848843609282,-17.112753596678147,1.6501439000866058,0,1015.2684375
2026-05-01 16:00:36.029,GPS LOCK,52.1983351,0.1205729,62.099998474121094,52.198315574961335,0.12050522947803505,-17.099915666359184,1.6512818087950416,0,1015.306796875
2026-05-01 16:00:37.139,GPS LOCK,52.1983301,0.1206144,62.099998474121094,52.1983171182941,0.12051375821608405,-17.110059286196343,1.6650594035649395,0,1015.345859375
2026-05-01 16:00:38.256,GPS LOCK,52.1983229,0.1206407,62.099998474121094,52.19831848641973,0.12052433626490257,-17.122377501049897,1.6665579854641297,0,1015.33875
2026-05-01 16:00:39.379,GPS LOCK,52.1983229,0.120669,62.099998474121094,52.19832115151408,0.12054679179161956,-17.108718999621406,1.6138478962995997,0,1015.284296875
2026-05-01 16:00:40.497,GPS LOCK,52.1983163,0.1206798,62.099998474121094,52.19832206068755,0.12056025013237925,-17.10837997883826,1.6190603212257122,0,1015.28
2026-05-01 16:00:41.594,GPS LOCK,52.1983156,0.1206997,62.099998474121094,52.19832285839443,0.1205752444126789,-17.12086674981189,1.622258523581045,0,1015.30078125
2026-05-01 16:00:42.713,GPS LOCK,52.198314,0.1207214,62.099998474121094,52.1983236337484,0.12059126581598122,-17.140001844618947,1.6254459911258405,0,1015.2984375
2026-05-01 16:00:43.812,GPS LOCK,52.1983163,0.1207527,62.099998474121094,52.19832469341739,0.12060957557525537,-17.13521914839009,1.6274762276076176,0,1015.32015625
2026-05-01 16:00:44.915,GPS LOCK,52.1983222,0.1207729,62.099998474121094,52.198327305682575,0.12062996283755172,-17.144651377819457,1.6187366844480222,0,1015.3290625
2026-05-01 16:00:46.037,GPS LOCK,52.1983338,0.1207837,62.099998474121094,52.198331927120506,0.12065024573452343,-17.15453290948695,1.582364446172172,0,1015.359375
2026-05-01 16:00:47.128,GPS LOCK,52.1983443,0.1207785,62.099998474121094,52.19833731648182,0.12066922916697628,-17.237003018414295,1.522708763596973,0,1015.396875
2026-05-01 16:00:48.244,GPS LOCK,52.198357,0.120775,62.099998474121094,52.19834335182706,0.12068682907071344,-17.384851144685385,1.4362214964500102,0,1015.464140625
2026-05-01 16:00:49.343,GPS LOCK,52.1983711,0.1208007,62.099998474121094,52.19835251642146,0.12071922214452104,-17.539170746346347,1.2820839071245402,0,1015.51578125
2026-05-01 16:00:50.462,GPS LOCK,52.1983539,0.1208414,62.099998474121094,52.19835730629607,0.12073695750821421,-17.71895319538775,1.24497771546423,0,1015.64140625
2026-05-01 16:00:51.568,GPS LOCK,52.1983436,0.1208598,62.099998474121094,52.19836091695683,0.12075555224256662,-17.874541198014512,1.226049724200935,0,1015.5121875
2026-05-01 16:00:52.666,GPS LOCK,52.1983249,0.1208677,62.099998474121094,52.19835828438831,0.1207739631703436,-17.947102100142736,1.1786887383833529,0,1015.671328125
2026-05-01 16:00:53.783,GPS LOCK,52.198317,0.1208754,62.099998474121094,52.198354507609835,0.12078931739490804,-17.969854770245625,1.138943155335567,0,1015.16453125
2026-05-01 16:00:54.885,GPS LOCK,52.1983082,0.1208722,62.099998474121094,52.19834890631491,0.12080250180869587,-18.35050599020569,1.1072573070478255,0,1015.749609375
2026-05-01 16:00:56.017,GPS LOCK,52.1982973,0.1208617,58.89999771118164,52.19834079949077,0.12081062449019664,-18.60704971657978,1.0656809315430174,0,1015.73078125
2026-05-01 16:00:57.131,GPS LOCK,52.1982909,0.1208435,58.89999771118164,52.198332061633316,0.1208119717733983,-18.83271424182502,1.022389142529911,0,1015.74734375
2026-05-01 16:00:58.246,GPS LOCK,52.198292,0.1208196,58.89999771118164,52.19832556372939,0.1208062590935496,-19.109145852925106,0.9752444817881212,0,1015.759921875
2026-05-01 16:00:59.353,GPS LOCK,52.1983189,0.1207878,58.89999771118164,52.19832290871444,0.12079682457724562,-19.431266621568057,0.8962543784651082,0,1015.943984375
2026-05-01 16:01:00.447,GPS LOCK,52.1983324,0.1208025,58.89999771118164,52.19832541202849,0.1207908777081124,-19.713347532504663,0.8692866371202442,0,1015.82796875
2026-05-01 16:01:01.541,GPS LOCK,52.1983318,0.1208316,58.89999771118164,52.1983300500983,0.12079108707165628,-19.9276880346986,0.838639378356017,0,1015.84171875
2026-05-01 16:01:02.655,GPS LOCK,52.1983231,0.120855,58.89999771118164,52.19833342270898,0.12079748288156045,-20.183683504040904,0.8108137472303929,0,1015.930625
2026-05-01 16:01:03.770,GPS LOCK,52.19831,0.1208698,56.20000076293945,52.19833374237431,0.12080672197508578,-20.455023657291807,0.787475196425957,0,1015.957265625
2026-05-01 16:01:04.877,GPS LOCK,52.1982991,0.1208788,56.20000076293945,52.198331622068416,0.1208149594242841,-20.757074540798403,0.7708212498337533,0,1016.018828125
2026-05-01 16:01:05.984,GPS LOCK,52.1982876,0.1208877,56.20000076293945,52.19832843533786,0.12082189321392418,-21.04889108947055,0.76494896226193,0,1016.048359375
2026-05-01 16:01:07.102,GPS LOCK,52.1982761,0.1208942,56.20000076293945,52.19832463182238,0.12082801020590307,-21.308879631067565,0.7694760263652676,0,1016.03484375
2026-05-01 16:01:08.207,GPS LOCK,52.1982636,0.1208918,56.20000076293945,52.198320005707046,0.12083278173624425,-21.47096994842102,0.7796124450362153,0,1015.7053125
2026-05-01 16:01:09.310,GPS LOCK,52.1982437,0.1208653,56.20000076293945,52.198311396236335,0.12083788581844938,-21.6279789310785,0.7761515702140237,0,1016.115703125
2026-05-01 16:01:10.428,GPS LOCK,52.198237,0.1208434,56.20000076293945,52.19830549345956,0.12083685474713642,-21.886523427832305,0.8030814410870023,0,1016.080078125
2026-05-01 16:01:11.540,GPS LOCK,52.1982287,0.1208276,56.20000076293945,52.198298672392525,0.1208347990749324,-22.10130391245255,0.8459107297978533,0,1016.08359375
2026-05-01 16:01:12.650,GPS LOCK,52.1982216,0.1208107,56.20000076293945,52.19829347991449,0.12082867446492863,-22.23502384265454,0.8428411085259244,0,1016.0459375
2026-05-01 16:01:13.763,GPS LOCK,52.1982134,0.120798,56.20000076293945,52.198288110626414,0.12082137774353936,-22.361064725864438,0.8609178071369445,0,1016.05234375
2026-05-01 16:01:14.865,GPS LOCK,52.1982059,0.1207845,56.20000076293945,52.198282913523876,0.12081267089248932,-22.463089368329747,0.8917495255343194,0,1016.030703125
2026-05-01 16:01:15.980,GPS LOCK,52.1981983,0.1207692,56.20000076293945,52.19827718424034,0.12080314969749081,-22.549140803528957,0.9412367042347651,0,1016.035625
2026-05-01 16:01:17.084,GPS LOCK,52.1982029,0.1207378,56.20000076293945,52.19827110262942,0.12079243215794476,-22.605361215760773,0.9990378583812948,0,1016.04234375
2026-05-01 16:01:18.197,GPS LOCK,52.1982029,0.1207378,56.20000076293945,52.19826943541591,0.12078653203079957,-22.71027658752343,1.086718673695678,0,1016.0725
2026-05-01 16:01:19.300,GPS LOCK,52.198194,0.1207075,56.20000076293945,52.1982624660607,0.12077292871033958,-22.785366994010328,1.1381427719042634,0,1016.050625
2026-05-01 16:01:20.424,GPS LOCK,52.1981841,0.1206969,56.20000076293945,52.19824972234458,0.12075205720551042,-22.859897399865062,1.1413185164660862,0,1016.0515625
2026-05-01 16:01:21.522,GPS LOCK,52.1981816,0.1207121,56.20000076293945,52.19823917910292,0.12074530112854275,-22.9031125123702,1.1747637827719442,0,1016.07015625
2026-05-01 16:01:22.634,GPS LOCK,52.1981856,0.1207294,56.20000076293945,52.19822925893462,0.12074725904788387,-22.93169171909195,1.1798796098968771,0,1016.10421875
2026-05-01 16:01:23.743,GPS LOCK,52.1981936,0.1207313,55.807277032365946,52.19822204566626,0.12075477701453807,-22.905025284141338,1.1640818936228847,0,1015.9909375
2026-05-01 16:01:24.847,GPS LOCK,52.1981997,0.12073,55.840846661529085,52.198219344240194,0.12076453929618262,-22.87275272937033,1.124009069365078,0,1015.994921875
2026-05-01 16:01:25.974,GPS LOCK,52.1982059,0.1207249,55.87596579844097,52.19821956708742,0.12077145139573903,-22.877764526235005,1.084566198099798,0,1015.990546875
2026-05-01 16:01:27.089,GPS LOCK,52.1982107,0.120722,56.02470726239551,52.19822168288391,0.12077470737978828,-22.909705594263514,1.0452150315649924,0,1016.051875
2026-05-01 16:01:28.188,GPS LOCK,52.1982166,0.1207233,56.02470726239551,52.1982240872421,0.12077572284540602,-22.969163534813184,1.020643260685702,0,1016.05515625
2026-05-01 16:01:29.291,GPS LOCK,52.1982252,0.1207253,55.80921587138805,52.19822696668382,0.12077417214653893,-23.04503367451596,1.0004510333245615,0,1016.099453125
2026-05-01 16:01:30.392,GPS LOCK,52.1982466,0.120732,55.98287346563798,52.19823085295533,0.12076905158234963,-23.072507084200627,0.9517581488295864,0,1016.009609375
2026-05-01 16:01:31.491,GPS LOCK,52.1982447,0.120724,56.035553094772354,52.198232969959236,0.12076249297207253,-23.09552004003186,0.9240192267493714,0,1016.069453125
2026-05-01 16:01:32.594,GPS LOCK,52.198241,0.1207176,55.99113691553593,52.198233864654185,0.12075572371487471,-23.1088628318281,0.9131046629391154,0,1016.087890625
2026-05-01 16:01:33.698,GPS LOCK,52.1982372,0.1207135,55.93587524534426,52.19823457404742,0.12074983140819119,-23.23468973884044,0.9233117217604322,0,1016.1340625
2026-05-01 16:01:34.984,GPS LOCK,52.1982372,0.1207135,55.93587524534426,52.19823555239602,0.12074731007977314,-25.6498441867804,0.9851988570767514,0,1019.68453125
2026-05-01 16:01:36.363,GPS LOCK,52.1982254,0.1206857,55.83723146440009,52.19823623701021,0.12074356201450416,-24.431499800369053,1.0425353021738457,0,1014.93140625
2026-05-01 16:01:37.716,GPS LOCK,52.1982254,0.1206857,55.83723146440009,52.19823693885137,0.12074096051650245,-25.541527358643798,1.1248867124749398,0,1015.35484375
2026-05-01 16:01:39.039,GPS DEGRADED,52.1982254,0.1206857,55.83723146440009,52.19823751698258,0.12073870234373905,-25.33573341566661,1.2098301809950864,0,1017.448515625
2026-05-01 16:01:40.369,GPS DEGRADED,52.1982254,0.1206857,55.83723146440009,52.19823801659337,0.12073678363143277,-25.33539812207611,1.2959882932593385,0,1015.134921875
2026-05-01 16:01:41.638,GPS DEGRADED,52.1982254,0.1206857,55.83723146440009,52.19823888807887,0.12073563366600634,-24.489842914690016,1.3877045816633955,0,1015.624375
2026-05-01 16:01:42.938,GPS DEGRADED,52.1982254,0.1206857,55.83723146440009,52.1982398097589,0.12073480737488061,-23.59826443085951,1.4825523128451144,0,1015.91953125
2026-05-01 16:01:44.304,TRUENORTH ACTIVE,52.1982254,0.1206857,55.83723146440009,52.198240402198294,0.12073370610755307,-23.061106855184033,1.5783946903948252,0,1015.622890625
2026-05-01 16:01:45.572,TRUENORTH ACTIVE,52.1982254,0.1206857,55.83723146440009,52.19824085610055,0.12073254495273142,-22.810776732395414,1.6747836102889992,0,1016.18703125
2026-05-01 16:01:46.837,TRUENORTH ACTIVE,52.1982254,0.1206857,55.83723146440009,52.198240999756365,0.12073111592563014,-23.410022866953618,1.7675343786530513,0,1014.744375
2026-05-01 16:01:48.051,TRUENORTH ACTIVE,52.1982254,0.1206857,55.83723146440009,52.19824087498177,0.12072963947090652,-22.6697887124211,1.8534596593800905,0,1015.52953125
2026-05-01 16:01:49.558,TRUENORTH ACTIVE,52.1982254,0.1206857,55.83723146440009,52.19824064533153,0.1207283614679031,-22.91649129934935,1.9337051000908305,0,1015.7225
2026-05-01 16:01:51.095,TRUENORTH ACTIVE,52.1982254,0.1206857,55.83723146440009,52.19823996824847,0.12072710932216907,-22.483644412895632,1.9993097163354752,0,1015.755390625
2026-05-01 16:01:52.533,TRUENORTH ACTIVE,52.1982254,0.1206857,55.83723146440009,52.198239137416564,0.12072636498193068,-22.462654014278918,2.0348463977697153,0,1015.99609375
2026-05-01 16:01:54.013,TRUENORTH ACTIVE,52.1982254,0.1206857,55.83723146440009,52.198238370711245,0.12072617593862028,-22.620483803467465,2.043192927229362,0,1016.416875
2026-05-01 16:01:55.545,TRUENORTH ACTIVE,52.1982254,0.1206857,55.83723146440009,52.19823775572234,0.12072655518269802,-23.130583655587035,2.0168502478634425,0,1014.7534375
2026-05-01 16:01:57.025,TRUENORTH ACTIVE,52.1982254,0.1206857,55.83723146440009,52.19823742722803,0.12072669268416528,-22.893735418559267,1.9937151855449,0,1016.264375
2026-05-01 16:01:58.452,TRUENORTH ACTIVE,52.1982254,0.1206857,55.83723146440009,52.198237103098826,0.12072673419578825,-22.831351810124136,1.9962168039410844,0,1015.751328125
2026-05-01 16:01:59.948,TRUENORTH ACTIVE,52.1982254,0.1206857,55.83723146440009,52.198236827407534,0.12072689729433951,-23.664540461666146,1.9991509655708017,0,1018.230234375
2026-05-01 16:02:01.480,TRUENORTH ACTIVE,52.1982254,0.1206857,55.83723146440009,52.19823661376386,0.12072720443828079,-23.16392495949038,2.0031703571554713,0,1015.686875
2026-05-01 16:02:02.934,TRUENORTH ACTIVE,52.1982254,0.1206857,55.83723146440009,52.19823645880483,0.12072756893538297,-23.010019307269232,2.0124160247830245,0,1016.1415625
2026-05-01 16:02:04.469,TRUENORTH ACTIVE,52.1982254,0.1206857,55.83723146440009,52.19823632124344,0.12072787031576536,-22.870714866001276,2.0304163844154193,0,1015.985234375
2026-05-01 16:02:05.976,TRUENORTH ACTIVE,52.1982254,0.1206857,55.83723146440009,52.19823619741938,0.12072813195046596,-22.948477152358222,2.0565630740166707,0,1016.2384375
2026-05-01 16:02:07.453,TRUENORTH ACTIVE,52.1982254,0.1206857,55.83723146440009,52.19823611462717,0.12072841926487868,-23.17960890196789,2.091419941394802,0,1014.24953125
2026-05-01 16:02:08.961,TRUENORTH ACTIVE,52.1982254,0.1206857,55.83723146440009,52.198236113713094,0.1207287571044579,-22.50755049496079,2.1240171716507086,0,1015.5303125
2026-05-01 16:02:10.513,TRUENORTH ACTIVE,52.1982254,0.1206857,55.83723146440009,52.19823618591228,0.12072909046782061,-23.252725763119575,2.1540674020155515,0,1016.032734375
2026-05-01 16:02:11.975,TRUENORTH ACTIVE,52.1982254,0.1206857,55.83723146440009,52.1982363244562,0.12072935886393782,-23.242859421953177,2.1754918242839802,0,1017.819609375
2026-05-01 16:02:13.444,TRUENORTH ACTIVE,52.1982254,0.1206857,55.83723146440009,52.198236493998714,0.12072951458145068,-23.059851602596453,2.1850408645003156,0,1016.49515625
2026-05-01 16:02:14.968,TRUENORTH ACTIVE,52.1982254,0.1206857,55.83723146440009,52.198236602348445,0.12072961191986736,-22.85941447840223,2.194840016525475,0,1016.028046875
2026-05-01 16:02:16.505,TRUENORTH ACTIVE,52.1982254,0.1206857,55.83723146440009,52.1982366624124,0.12072973035342828,-22.766215685133275,2.2168787574810116,0,1015.6621875
2026-05-01 16:02:17.961,TRUENORTH ACTIVE,52.1982254,0.1206857,55.83723146440009,52.19823670308525,0.12072986262640933,-22.940188442558195,2.251385373888443,0,1016.284453125
2026-05-01 16:02:19.464,TRUENORTH ACTIVE,52.1982254,0.1206857,55.83723146440009,52.19823674922422,0.12072997102348683,-23.968226859449715,2.294018549405185,0,1020.505703125
2026-05-01 16:02:20.845,TRUENORTH ACTIVE,52.1982254,0.1206857,55.83723146440009,52.198236827721324,0.12073001389546038,-24.494916677115665,2.336182656332986,0,1014.267578125
2026-05-01 16:02:22.160,TRUENORTH ACTIVE,52.1982254,0.1206857,55.83723146440009,52.19823691258143,0.12073000331485839,-23.320451445176662,2.370728559299537,0,1016.142421875
2026-05-01 16:02:23.624,TRUENORTH ACTIVE,52.1982254,0.1206857,55.83723146440009,52.19823696906365,0.12072991931661271,-24.637910025440437,2.3720401022932545,0,1012.6165625
2026-05-01 16:02:24.933,TRUENORTH ACTIVE,52.1982254,0.1206857,55.83723146440009,52.19823696968729,0.1207298040161031,-22.55441892666951,2.341584402416637,0,1015.347265625
2026-05-01 16:02:26.214,TRUENORTH ACTIVE,52.1982254,0.1206857,55.83723146440009,52.198236949540785,0.12072972153228366,-22.21145874345324,2.3156713026308116,0,1015.894296875
2026-05-01 16:02:27.343,GPS LOCK,52.1981121,0.120577,57.89999771118164,52.19823322948249,0.12072442894867928,-22.184109427164927,2.234429449386928,0,1016.254375
2026-05-01 16:02:28.444,GPS LOCK,52.1981121,0.120577,57.89999771118164,52.1982332414147,0.12072456309628084,-22.276092205158857,2.235661277408464,0,1016.10546875
2026-05-01 16:02:29.536,GPS LOCK,52.1981121,0.120577,57.89999771118164,52.19823324178495,0.12072468205393293,-22.392556151959962,2.250792700023808,0,1016.1446875
2026-05-01 16:02:30.634,GPS DEGRADED,52.1981121,0.120577,57.89999771118164,52.19823326189021,0.12072479261109216,-22.516749438693598,2.2744323203625023,0,1015.912734375
2026-05-01 16:02:31.722,GPS DEGRADED,52.1981121,0.120577,57.89999771118164,52.198233304964376,0.12072489101593736,-22.51935148598494,2.3026577141148796,0,1016.0665625
2026-05-01 16:02:32.811,GPS LOCK,52.1981541,0.120492,57.89999771118164,52.19823301109591,0.12071881984735935,-22.606449119602473,2.299956707815279,0,1015.9725
2026-05-01 16:02:33.921,GPS LOCK,52.1981473,0.1204546,57.89999771118164,52.198232621426556,0.12071150384033491,-22.646142472465307,2.3011284764285933,0,1015.756171875
2026-05-01 16:02:35.026,GPS LOCK,52.1981574,0.1203438,56.29999923706055,52.198232653263254,0.1206990893625136,-22.67087132930371,2.3001042613171747,0,1015.983046875
2026-05-01 16:02:36.144,GPS LOCK,52.1981586,0.1203267,56.29999923706055,52.1982320816546,0.1206828061466459,-22.791791193029994,2.279593173949684,0,1016.165390625
2026-05-01 16:02:37.240,GPS LOCK,52.1981545,0.1203286,56.29999923706055,52.19823036737399,0.12066372914238244,-22.7833526758751,2.245751929580474,0,1015.91015625
2026-05-01 16:02:38.331,GPS LOCK,52.1981399,0.1203564,56.29999923706055,52.19822139267015,0.12060888101279937,-22.570080306853782,2.0916556486560074,0,1015.58484375
2026-05-01 16:02:39.434,GPS LOCK,52.1981277,0.120378,56.29999923706055,52.19821162815599,0.12058251848196497,-22.45804418665337,2.003827150612329,0,1016.133203125
2026-05-01 16:02:40.534,GPS LOCK,52.1981163,0.1203885,56.29999923706055,52.198200792942416,0.12056287058513429,-22.643414241986186,1.9226235137360665,0,1016.14609375
2026-05-01 16:02:41.627,GPS LOCK,52.1981085,0.1203903,56.29999923706055,52.19818879354497,0.12054466046238152,-22.806347094044444,1.8592075050003922,0,1016.0971875
2026-05-01 16:02:42.743,GPS LOCK,52.1981007,0.1203807,56.29999923706055,52.19817627368498,0.12052633990282897,-22.8675251962277,1.807616063861004,0,1015.9996875
2026-05-01 16:02:43.836,GPS LOCK,52.1980942,0.1203478,56.29999923706055,52.19816308303216,0.1205030142122594,-22.90090704346927,1.752899406214287,0,1016.114375
2026-05-01 16:02:44.936,GPS LOCK,52.1980944,0.1203263,56.29999923706055,52.1981538613692,0.12047335988498371,-22.824119935068264,1.65327538418494,0,1015.900859375
2026-05-01 16:02:46.041,GPS LOCK,52.1980978,0.1203072,56.29999923706055,52.19814662790004,0.1204439099564602,-22.828789697408155,1.5498524162248772,0,1016.0725
2026-05-01 16:02:47.154,GPS LOCK,52.1980982,0.1202854,56.29999923706055,52.198137497179395,0.12041126401578188,-22.948029200473805,1.4612411528534381,0,1016.1584375
2026-05-01 16:02:48.254,GPS LOCK,52.1980997,0.1202642,56.29999923706055,52.198130895980974,0.12037891540295786,-23.0274482127465,1.3842963217851485,0,1016.091328125
2026-05-01 16:02:49.349,GPS LOCK,52.1981131,0.1202305,56.29999923706055,52.19812358784347,0.12032857108162728,-23.06397642443463,1.2141582495217582,0,1016.0534375
2026-05-01 16:02:50.470,GPS LOCK,52.1981161,0.1202174,56.29999923706055,52.19812219626676,0.12030266831750873,-23.083398241523533,1.1723399763855418,0,1016.068828125
2026-05-01 16:02:51.570,GPS LOCK,52.1981154,0.1202138,56.29999923706055,52.19811979092288,0.1202801987368933,-23.23063372481389,1.1467830322853156,0,1016.254609375
2026-05-01 16:02:52.675,GPS LOCK,52.1981168,0.1202243,56.29999923706055,52.19811812583868,0.12026288715810772,-23.335909878677505,1.129622373802491,0,1016.09
2026-05-01 16:02:53.782,GPS LOCK,52.198118,0.1202337,56.29999923706055,52.19811636915885,0.12024985873241863,-23.378897583242885,1.1177509336487108,0,1016.158046875
2026-05-01 16:02:54.872,GPS LOCK,52.1981213,0.1202498,56.29999923706055,52.19811493949313,0.12024202015404889,-23.356165757970885,1.1107521914118526,0,1016.007109375
2026-05-01 16:02:55.982,GPS LOCK,52.1981254,0.1202608,56.29999923706055,52.19811416981177,0.12023806070631597,-23.32889850082437,1.103553338011107,0,1016.04234375
2026-05-01 16:02:57.070,GPS LOCK,52.1981287,0.1202653,56.29999923706055,52.1981141247499,0.12023697796445468,-23.30855885987707,1.0895008207161716,0,1016.013828125
2026-05-01 16:02:58.174,GPS LOCK,52.1981316,0.1202684,56.29999923706055,52.198114796928394,0.12023831157949012,-23.285962279550322,1.0681058193585666,0,1016.040859375
2026-05-01 16:02:59.268,GPS LOCK,52.1981344,0.1202701,56.29999923706055,52.19811609173911,0.12024130224555908,-23.283390421406487,1.0417651256446592,0,1016.061875
2026-05-01 16:03:00.358,GPS LOCK,52.1981367,0.1202741,56.29999923706055,52.198120283762535,0.12025255014870442,-23.26699267492388,0.9136806733818775,0,1016.035625
2026-05-01 16:03:01.447,GPS LOCK,52.1981377,0.1202741,56.29999923706055,52.19812214910077,0.12025670284069687,-23.251225667327475,0.8757555379310917,0,1016.015703125
2026-05-01 16:03:02.537,GPS LOCK,52.1981384,0.1202737,56.29999923706055,52.19812354738473,0.12026030318879333,-23.267108917098284,0.8466997965300674,0,1016.039453125
2026-05-01 16:03:03.623,GPS LOCK,52.198139,0.1202722,56.29999923706055,52.19812535694996,0.12026350653253619,-23.264126806851262,0.8120940909258708,0,1016.086015625
2026-05-01 16:03:04.737,GPS LOCK,52.19814,0.1202718,56.29999923706055,52.198127062756,0.12026620783969617,-23.27301264560267,0.7839654131089074,0,1016.056875
2026-05-01 16:03:05.835,GPS LOCK,52.1981407,0.1202699,56.29999923706055,52.19812812602202,0.12026790875844416,-23.213751041105496,0.7579565990755717,0,1015.9728125
2026-05-01 16:03:06.930,GPS LOCK,52.1981412,0.1202694,56.29999923706055,52.19812918424984,0.12026896680470858,-23.223462224360485,0.7491769626866903,0,1016.043125
2026-05-01 16:03:08.032,GPS LOCK,52.1981415,0.1202707,56.29999923706055,52.19813036582089,0.12026997204658772,-23.239314993487046,0.7362634496893878,0,1016.090234375
2026-05-01 16:03:09.116,GPS LOCK,52.1981419,0.1202704,56.29999923706055,52.19813157766513,0.12027072487869658,-23.290161688027258,0.7202141326790685,0,1016.09671875
2026-05-01 16:03:10.205,GPS LOCK,52.1981408,0.1202711,56.599998474121094,52.19813275896458,0.12027145659991766,-23.342286125338976,0.7056323304518826,0,1016.143671875
2026-05-01 16:03:11.295,GPS LOCK,52.1981407,0.1202713,56.599998474121094,52.198134030258984,0.12027202403806296,-23.384609130147243,0.6978951178359557,0,1016.096015625
2026-05-01 16:03:12.402,GPS LOCK,52.1981402,0.1202704,56.599998474121094,52.19813596799708,0.1202724088372994,-23.39724133980229,0.6402342100436141,0,1016.0590625
2026-05-01 16:03:13.516,GPS LOCK,52.198141,0.1202696,56.599998474121094,52.19813730475674,0.1202722249037815,-23.395062785320075,0.6440688533522856,0,1016.060234375
2026-05-01 16:03:14.645,GPS LOCK,52.1981413,0.1202684,56.599998474121094,52.19813862644839,0.120271775290953,-23.400059173908822,0.6461953965062552,0,1016.074609375
2026-05-01 16:03:15.766,GPS LOCK,52.1981415,0.1202677,56.599998474121094,52.19813983270429,0.12027119353979944,-23.40506943373946,0.6467026446401652,0,1016.04953125
2026-05-01 16:03:16.893,GPS LOCK,52.1981418,0.1202687,56.599998474121094,52.19814091807473,0.12027071477281152,-23.394723329949908,0.6441648926613209,0,1016.0459375
2026-05-01 16:03:18.033,GPS LOCK,52.1981412,0.1202691,56.599998474121094,52.19814159654534,0.12027032429061538,-23.374374531415235,0.6416497642326057,0,1016.01015625
2026-05-01 16:03:19.163,GPS LOCK,52.19814,0.1202688,56.599998474121094,52.19814176307413,0.12026999422881877,-23.353277041398226,0.6412377275215183,0,1016.047265625
2026-05-01 16:03:20.316,GPS LOCK,52.1981395,0.1202683,56.599998474121094,52.19814167832618,0.12026971718910018,-23.340368486374068,0.6422029951600936,0,1016.043125
2026-05-01 16:03:21.427,GPS LOCK,52.1981394,0.1202682,56.599998474121094,52.19814106041854,0.12026949967757061,-23.315275820545146,0.579621458531331,0,1016.037734375
2026-05-01 16:03:22.575,GPS DEGRADED,52.1981388,0.1202676,56.599998474121094,52.198140775971524,0.12026936725210673,-23.30352573100834,0.584088785204475,0,1016.031875
2026-05-01 16:03:23.711,GPS DEGRADED,52.1981369,0.1202667,56.599998474121094,52.19814007445536,0.12026933352287796,-23.250250136962354,0.5896013357707066,0,1016.0165625
2026-05-01 16:03:24.809,TRUENORTH ACTIVE,52.1981352,0.1202659,56.599998474121094,52.19813906070079,0.1202693888863422,-23.18618120674839,0.595365898404172,0,1015.973515625
2026-05-01 16:03:25.919,TRUENORTH ACTIVE,52.198135,0.1202651,56.599998474121094,52.19813814949202,0.12026941602049653,-23.135345761843208,0.6011985355069561,0,1015.991328125
2026-05-01 16:03:27.013,TRUENORTH ACTIVE,52.198135,0.1202651,56.599998474121094,52.198137984607804,0.12026947486593345,-23.11674499047226,0.6792657077102116,0,1016.01796875
2026-05-01 16:03:28.122,TRUENORTH ACTIVE,52.198135,0.1202651,56.599998474121094,52.198137839728496,0.1202695499757453,-23.159875145896255,0.76520639175566,0,1016.279296875
2026-05-01 16:03:29.209,TRUENORTH ACTIVE,52.198135,0.1202651,56.599998474121094,52.19813771126558,0.12026963408195711,-22.98632990841918,0.857243718700719,0,1015.97828125
2026-05-01 16:03:30.318,TRUENORTH ACTIVE,52.198135,0.1202651,56.599998474121094,52.198137598608135,0.12026972333510676,-23.01019190297573,0.952689024445129,0,1016.02546875
2026-05-01 16:03:31.415,TRUENORTH ACTIVE,52.198135,0.1202651,56.599998474121094,52.198137494643255,0.12026979638234053,-23.019674845714786,1.051385604768561,0,1015.923203125
2026-05-01 16:03:32.518,TRUENORTH ACTIVE,52.198135,0.1202651,56.599998474121094,52.19813743472645,0.1202699507712893,-22.792489259585984,1.1393407995044387,0,1016.447890625
2026-05-01 16:03:33.624,TRUENORTH ACTIVE,52.198135,0.1202651,56.599998474121094,52.19813747908623,0.12027013304222932,-23.288956531612403,1.1623358711658833,0,1016.4059375
2026-05-01 16:03:34.733,TRUENORTH ACTIVE,52.198135,0.1202651,56.599998474121094,52.198137602762685,0.1202702770321025,-23.5830341858979,1.162630503238042,0,1016.037109375
2026-05-01 16:03:35.838,TRUENORTH ACTIVE,52.198135,0.1202651,56.599998474121094,52.198137739434706,0.1202703037567531,-23.60924510552813,1.1428552064558457,0,1016.0715625
2026-05-01 16:03:36.925,TRUENORTH ACTIVE,52.198135,0.1202651,56.599998474121094,52.19813783987094,0.12027023238016492,-23.562964278508602,1.1104866618248355,0,1016.04515625
2026-05-01 16:03:38.021,TRUENORTH ACTIVE,52.198135,0.1202651,56.599998474121094,52.198137897639825,0.12027011635324941,-23.52886261834829,1.0816365000290977,0,1016.10203125
2026-05-01 16:03:39.133,TRUENORTH ACTIVE,52.198135,0.1202651,56.599998474121094,52.19813791423481,0.12026997099879977,-24.186690984893307,1.0655182211366112,0,1017.193984375
2026-05-01 16:03:40.228,TRUENORTH ACTIVE,52.198135,0.1202651,56.599998474121094,52.19813788823941,0.12026983305811047,-23.903317768579818,1.06366277920848,0,1015.379453125
2026-05-01 16:03:41.325,TRUENORTH ACTIVE,52.198135,0.1202651,56.599998474121094,52.1981378397742,0.12026974554070509,-23.533745000194205,1.0754028832999225,0,1015.979375
2026-05-01 16:03:42.423,TRUENORTH ACTIVE,52.198135,0.1202651,56.599998474121094,52.198137799603074,0.12026969597630692,-23.445768030738552,1.1023945135819366,0,1015.99984375
2026-05-01 16:03:43.524,TRUENORTH ACTIVE,52.198135,0.1202651,56.599998474121094,52.198137777687755,0.12026964959772013,-23.312144557663,1.146236740835565,0,1015.823515625
2026-05-01 16:03:44.617,TRUENORTH ACTIVE,52.198135,0.1202651,56.599998474121094,52.198137775301056,0.12026958899072637,-23.210344129566025,1.2062709111026497,0,1016.039140625
2026-05-01 16:03:45.718,TRUENORTH ACTIVE,52.198135,0.1202651,56.599998474121094,52.198137773846334,0.12026953365021459,-23.513544341814463,1.2767016549244625,0,1016.487734375
2026-05-01 16:03:46.815,TRUENORTH ACTIVE,52.198135,0.1202651,56.599998474121094,52.198137763822174,0.1202694912703511,-23.43673818710455,1.354886406289292,0,1015.797734375
2026-05-01 16:03:47.907,TRUENORTH ACTIVE,52.198135,0.1202651,56.599998474121094,52.19813775758924,0.12026945086110535,-23.31436715574901,1.4384305117298353,0,1016.04734375
2026-05-01 16:03:49.000,TRUENORTH ACTIVE,52.198135,0.1202651,56.599998474121094,52.19813775199906,0.12026941449042995,-23.342420455381376,1.5254329197640633,0,1016.113515625
2026-05-01 16:03:50.097,TRUENORTH ACTIVE,52.198135,0.1202651,56.599998474121094,52.19813774587566,0.12026938238265501,-23.319393289736645,1.6147621852484362,0,1015.98890625
2026-05-01 16:03:51.194,TRUENORTH ACTIVE,52.198135,0.1202651,56.599998474121094,52.19813773977694,0.12026935369194844,-23.309628574065194,1.7055248279164685,0,1016.085
2026-05-01 16:03:52.298,TRUENORTH ACTIVE,52.198135,0.1202651,56.599998474121094,52.19813773405143,0.12026932784326325,-23.366841055776096,1.7970689356160137,0,1016.0928125
2026-05-01 16:03:53.382,TRUENORTH ACTIVE,52.198135,0.1202651,56.599998474121094,52.198137730079026,0.12026930376884451,-23.360636406261083,1.888702835803663,0,1016.015625
2026-05-01 16:03:54.470,TRUENORTH ACTIVE,52.198135,0.1202651,56.599998474121094,52.198137726752094,0.12026928186631167,-23.359078088239507,1.9798707306354721,0,1016.178359375
2026-05-01 16:03:55.559,TRUENORTH ACTIVE,52.198135,0.1202651,56.599998474121094,52.198137723624704,0.12026926230529238,-23.709138391724007,2.069244694783238,0,1016.159453125
2026-05-01 16:03:56.674,TRUENORTH ACTIVE,52.198135,0.1202651,56.599998474121094,52.19813771608938,0.1202692465912338,-23.52057945947378,2.158488377505296,0,1016.24015625
2026-05-01 16:03:57.781,TRUENORTH ACTIVE,52.198135,0.1202651,56.599998474121094,52.19813770287349,0.12026923497663757,-24.01292638013237,2.2460699284886183,0,1016.386484375
2026-05-01 16:03:58.885,TRUENORTH ACTIVE,52.198135,0.1202651,56.599998474121094,52.198137683832556,0.12026923213877119,-23.804735841478387,2.3199182781614622,0,1015.678984375
2026-05-01 16:03:59.972,TRUENORTH ACTIVE,52.198135,0.1202651,56.599998474121094,52.198137670643796,0.12026923484577573,-23.298559825769598,2.368849006033586,0,1015.896640625
2026-05-01 16:04:01.085,TRUENORTH ACTIVE,52.198135,0.1202651,56.599998474121094,52.19813766214802,0.1202692371078191,-23.351034861626715,2.407632786069643,0,1015.9115625
2026-05-01 16:04:02.192,TRUENORTH ACTIVE,52.198135,0.1202651,56.599998474121094,52.19813765530263,0.12026923990589877,-23.48377605666791,2.4403405431034106,0,1015.870625
2026-05-01 16:04:03.293,TRUENORTH ACTIVE,52.198135,0.1202651,56.599998474121094,52.19813764949303,0.12026923816470075,-23.259579283181626,2.4832609657462164,0,1016.05125
2026-05-01 16:04:04.384,TRUENORTH ACTIVE,52.198135,0.1202651,56.599998474121094,52.19813764422619,0.12026923224751704,-23.227812580141197,2.5409815553298265,0,1016.069921875
2026-05-01 16:04:05.476,TRUENORTH ACTIVE,52.198135,0.1202651,56.599998474121094,52.198137639513234,0.1202692281577487,-23.409974321077907,2.60743630671681,0,1016.22359375
2026-05-01 16:04:06.605,TRUENORTH ACTIVE,52.198135,0.1202651,56.599998474121094,52.19813763505582,0.12026922656636839,-23.345722405339323,2.672567716511511,0,1015.714140625
2026-05-01 16:04:07.706,TRUENORTH ACTIVE,52.198135,0.1202651,56.599998474121094,52.19813763149921,0.12026922110861293,-23.35238923552532,2.7404775068224554,0,1016.356796875
2026-05-01 16:04:08.809,TRUENORTH ACTIVE,52.198135,0.1202651,56.599998474121094,52.1981376287268,0.1202692144893114,-23.402126439347963,2.8102662508889416,0,1016.260859375
2026-05-01 16:04:09.890,TRUENORTH ACTIVE,52.198135,0.1202651,56.599998474121094,52.19813762749644,0.12026920525604975,-23.28746159605922,2.8784806742441895,0,1016.349609375
2026-05-01 16:04:10.993,TRUENORTH ACTIVE,52.198135,0.1202651,56.599998474121094,52.19813762912187,0.12026919480818239,-23.291967852914546,2.92552720728755,0,1015.94859375
2026-05-01 16:04:12.106,TRUENORTH ACTIVE,52.198135,0.1202651,56.599998474121094,52.198137633375616,0.12026919106570802,-24.33100723457093,2.896882125982893,0,1016.0184375
2026-05-01 16:04:13.206,TRUENORTH ACTIVE,52.198135,0.1202651,56.599998474121094,52.19813763636209,0.12026919050731767,-23.685628040665307,2.866618777661005,0,1015.493515625
2026-05-01 16:04:14.309,TRUENORTH ACTIVE,52.198135,0.1202651,56.599998474121094,52.19813763897886,0.12026919037557318,-23.732452060347974,2.850512709111909,0,1015.4246875
2026-05-01 16:04:15.399,TRUENORTH ACTIVE,52.198135,0.1202651,56.599998474121094,52.19813764118843,0.12026919161178692,-23.431123893129918,2.8303344338857848,0,1016.787109375
2026-05-01 16:04:16.492,TRUENORTH ACTIVE,52.198135,0.1202651,56.599998474121094,52.19813764288456,0.12026919286845764,-23.460513491026877,2.8139490542691323,0,1015.765234375
2026-05-01 16:04:17.593,TRUENORTH ACTIVE,52.198135,0.1202651,56.599998474121094,52.19813764449822,0.12026919336868619,-23.470896175324665,2.8095054800198307,0,1015.915390625
2026-05-01 16:04:18.700,TRUENORTH ACTIVE,52.198135,0.1202651,56.599998474121094,52.198137646002294,0.12026919370711213,-23.245136083340853,2.8165993748968328,0,1015.89640625
2026-05-01 16:04:19.805,TRUENORTH ACTIVE,52.198135,0.1202651,56.599998474121094,52.19813764735769,0.12026919343682613,-23.451360614709095,2.8360651155785113,0,1015.023515625
2026-05-01 16:04:20.891,TRUENORTH ACTIVE,52.198135,0.1202651,56.599998474121094,52.19813764849079,0.12026919350846091,-23.41090813176545,2.864988663388509,0,1015.57359375
2026-05-01 16:04:22.004,TRUENORTH ACTIVE,52.198135,0.1202651,56.599998474121094,52.19813764973057,0.12026919459949356,-23.538213755131377,2.8988871982799465,0,1019.128203125
2026-05-01 16:04:23.103,TRUENORTH ACTIVE,52.198135,0.1202651,56.599998474121094,52.198137650989864,0.12026919670922992,-23.44283950057388,2.9313861774464347,0,1015.782578125
2026-05-01 16:04:24.188,TRUENORTH ACTIVE,52.198135,0.1202651,56.599998474121094,52.19813765183862,0.12026919897592571,-22.911340874279603,2.9579157032618575,0,1015.383203125
2026-05-01 16:04:25.288,TRUENORTH ACTIVE,52.198135,0.1202651,56.599998474121094,52.198137652185,0.1202692012516413,-22.60953302770393,2.976278265979742,0,1015.259765625
2026-05-01 16:04:26.385,TRUENORTH ACTIVE,52.198135,0.1202651,56.599998474121094,52.19813765195326,0.12026920348093524,-22.175763764536903,2.9839488561794796,0,1015.693203125
2026-05-01 16:04:27.505,TRUENORTH ACTIVE,52.198135,0.1202651,56.599998474121094,52.1981376513022,0.12026920513260911,-21.999542667773717,2.9827855722559726,0,1015.829453125
2026-05-01 16:04:28.591,TRUENORTH ACTIVE,52.198135,0.1202651,56.599998474121094,52.19813765046332,0.12026920605252028,-22.033355770488843,2.9757384980856356,0,1015.948515625
2026-05-01 16:04:29.710,TRUENORTH ACTIVE,52.198135,0.1202651,56.599998474121094,52.198137649677314,0.12026920634445115,-22.126072124242913,2.9670048350300005,0,1015.95421875
2026-05-01 16:04:30.808,TRUENORTH ACTIVE,52.198135,0.1202651,56.599998474121094,52.19813764908179,0.1202692064399751,-22.060198067245736,2.9631952964333617,0,1015.4228125
2026-05-01 16:04:31.901,TRUENORTH ACTIVE,52.198135,0.1202651,56.599998474121094,52.198137648698314,0.12026920678565614,-22.269654122456593,2.969132019681,0,1015.6228125
2026-05-01 16:04:33.000,TRUENORTH ACTIVE,52.198135,0.1202651,56.599998474121094,52.19813764842971,0.12026920734462138,-22.338249568495407,2.9853787447479143,0,1015.48984375
2026-05-01 16:04:34.102,TRUENORTH ACTIVE,52.198135,0.1202651,56.599998474121094,52.19813764820985,0.12026920789668281,-22.21859868427089,3.0096086572838296,0,1015.205546875
2026-05-01 16:04:35.196,TRUENORTH ACTIVE,52.198135,0.1202651,56.599998474121094,52.19813764798175,0.12026920832223467,-22.19774882543865,3.0393235193095363,0,1015.599609375
2026-05-01 16:04:36.298,TRUENORTH ACTIVE,52.198135,0.1202651,56.599998474121094,52.198137647680326,0.1202692084903924,-22.12000212643848,3.0726521032680156,0,1015.877421875
2026-05-01 16:04:37.394,TRUENORTH ACTIVE,52.198135,0.1202651,56.599998474121094,52.198137647361726,0.12026920850327735,-22.09942507816654,3.10778251837313,0,1015.9278125
2026-05-01 16:04:38.507,TRUENORTH ACTIVE,52.198135,0.1202651,56.599998474121094,52.19813764708569,0.12026920850369698,-22.13898627567833,3.144829086897525,0,1015.94359375
2026-05-01 16:04:39.620,TRUENORTH ACTIVE,52.198135,0.1202651,56.599998474121094,52.19813764683676,0.12026920845799909,-22.158720975495967,3.1832724085279485,0,1015.935390625
2026-05-01 16:04:40.718,TRUENORTH ACTIVE,52.198135,0.1202651,56.599998474121094,52.19813764662322,0.12026920842563804,-22.13317247219147,3.22313098061338,0,1015.799296875
2026-05-01 16:04:41.832,TRUENORTH ACTIVE,52.198135,0.1202651,56.599998474121094,52.1981376464434,0.12026920848874353,-22.120157948270098,3.2670109440287805,0,1016.00015625
2026-05-01 16:04:42.933,TRUENORTH ACTIVE,52.198135,0.1202651,56.599998474121094,52.198137646287236,0.12026920861030153,-22.07317706821118,3.3142808516983946,0,1015.858671875
2026-05-01 16:04:44.031,TRUENORTH ACTIVE,52.198135,0.1202651,56.599998474121094,52.19813764614885,0.12026920874003733,-22.041801669410273,3.364523173348539,0,1016.00078125
2026-05-01 16:04:45.130,TRUENORTH ACTIVE,52.198135,0.1202651,56.599998474121094,52.19813764601932,0.12026920881756237,-22.1384965819794,3.416435516158731,0,1016.030859375
2026-05-01 16:04:46.232,TRUENORTH ACTIVE,52.198135,0.1202651,56.599998474121094,52.19813764590958,0.12026920891766114,-22.407087385255203,3.4696779544449026,0,1016.267421875
2026-05-01 16:04:47.324,TRUENORTH ACTIVE,52.198135,0.1202651,56.599998474121094,52.19813764579943,0.12026920895404851,-22.510749446863866,3.524082095062928,0,1015.92421875
2026-05-01 16:04:48.412,TRUENORTH ACTIVE,52.198135,0.1202651,56.599998474121094,52.19813764569435,0.12026920896592581,-22.41194642382572,3.579279733018286,0,1015.872890625
2026-05-01 16:04:49.496,TRUENORTH ACTIVE,52.198135,0.1202651,56.599998474121094,52.19813764560892,0.12026920901768033,-22.293077560389456,3.633878744827287,0,1015.506328125
2026-05-01 16:04:50.602,TRUENORTH ACTIVE,52.198135,0.1202651,56.599998474121094,52.198137645547426,0.12026920914732268,-22.271204565055232,3.690001675030363,0,1015.64609375
2026-05-01 16:04:51.686,TRUENORTH ACTIVE,52.198135,0.1202651,56.599998474121094,52.19813764549602,0.1202692092635649,-22.055748763073247,3.7448691785828805,0,1015.495703125
2026-05-01 16:04:52.782,TRUENORTH ACTIVE,52.198135,0.1202651,56.599998474121094,52.1981376454523,0.12026920936390909,-22.23440026459231,3.798997987970138,0,1015.650546875
2026-05-01 16:04:53.880,TRUENORTH ACTIVE,52.198135,0.1202651,56.599998474121094,52.19813764539381,0.12026920939817681,-22.139582020192094,3.8546775261955966,0,1016.02890625
2026-05-01 16:04:54.982,TRUENORTH ACTIVE,52.198135,0.1202651,56.599998474121094,52.198137645356034,0.12026920946684559,-22.082519137688923,3.90844374106332,0,1016.4728125
2026-05-01 16:04:56.079,TRUENORTH ACTIVE,52.198135,0.1202651,56.599998474121094,52.19813764533041,0.12026920954165637,-22.227613144698864,3.9586454688444337,0,1015.47921875
2026-05-01 16:04:57.180,TRUENORTH ACTIVE,52.198135,0.1202651,56.599998474121094,52.19813764531267,0.12026920961120643,-22.366495228547432,4.004584189424174,0,1016.408671875
2026-05-01 16:04:58.280,TRUENORTH ACTIVE,52.198135,0.1202651,56.599998474121094,52.198137645295,0.12026920967246374,-22.770554237567698,4.0531823014890405,0,1015.4909375
2026-05-01 16:04:59.381,TRUENORTH ACTIVE,52.198135,0.1202651,56.599998474121094,52.198137645265966,0.1202692097123582,-22.122451725263325,4.106122613643421,0,1015.645859375
2026-05-01 16:05:00.481,TRUENORTH ACTIVE,52.198135,0.1202651,56.599998474121094,52.198137645230936,0.12026920973495756,-22.05837272645383,4.160032864604054,0,1015.652265625
2026-05-01 16:05:01.568,TRUENORTH ACTIVE,52.198135,0.1202651,56.599998474121094,52.198137645195935,0.120269209744993,-21.853468532905275,4.213253806073718,0,1015.857890625
2026-05-01 16:05:02.665,TRUENORTH ACTIVE,52.198135,0.1202651,56.599998474121094,52.19813764516563,0.12026920975120073,-21.83328447648884,4.264816336842686,0,1015.85703125
2026-05-01 16:05:03.766,TRUENORTH ACTIVE,52.198135,0.1202651,56.599998474121094,52.198137645148876,0.1202692097832408,-21.965906916674793,4.317971701703498,0,1016.605078125
2026-05-01 16:05:04.872,TRUENORTH ACTIVE,52.198135,0.1202651,56.599998474121094,52.19813764513823,0.12026920982315407,-21.832344899197107,4.371056756935178,0,1017.332265625
2026-05-01 16:05:05.970,TRUENORTH ACTIVE,52.198135,0.1202651,56.599998474121094,52.19813764513357,0.12026920987052549,-21.9367379848481,4.42350861397269,0,1017.36046875
2026-05-01 16:05:07.079,TRUENORTH ACTIVE,52.198135,0.1202651,56.599998474121094,52.19813764513737,0.12026920992248416,-22.662749825976626,4.471089204178325,0,1015.605078125
2026-05-01 16:05:08.182,TRUENORTH ACTIVE,52.198135,0.1202651,56.599998474121094,52.19813764514613,0.12026920996403545,-22.199907548307113,4.508434080009888,0,1015.568828125
2026-05-01 16:05:09.286,TRUENORTH ACTIVE,52.198135,0.1202651,56.599998474121094,52.19813764515942,0.12026920999752559,-22.37403942702982,4.538111122455917,0,1014.701875
2026-05-01 16:05:10.407,TRUENORTH ACTIVE,52.198135,0.1202651,56.599998474121094,52.1981376451771,0.12026921002064168,-22.321707536896746,4.555303327371003,0,1018.1915625
2026-05-01 16:05:11.519,TRUENORTH ACTIVE,52.198135,0.1202651,56.599998474121094,52.198137645194016,0.12026921003277352,-22.312515659122433,4.562315376464967,0,1014.76078125
2026-05-01 16:05:12.664,TRUENORTH ACTIVE,52.198135,0.1202651,56.599998474121094,52.19813764520794,0.12026921003808574,-22.253771829456568,4.5629425632967795,0,1017.622734375
2026-05-01 16:05:13.786,TRUENORTH ACTIVE,52.198135,0.1202651,56.599998474121094,52.19813764522021,0.12026921003966302,-22.37984319392627,4.564325720576059,0,1014.554921875
2026-05-01 16:05:14.897,TRUENORTH ACTIVE,52.198135,0.1202651,56.599998474121094,52.19813764523096,0.12026921003818745,-22.226674394082746,4.5648643448860255,0,1017.6215625
2026-05-01 16:05:16.020,TRUENORTH ACTIVE,52.198135,0.1202651,56.599998474121094,52.19813764523979,0.12026921003651178,-21.898788074527907,4.566561548172267,0,1014.7353125
2026-05-01 16:05:17.138,TRUENORTH ACTIVE,52.198135,0.1202651,56.599998474121094,52.198137645247385,0.12026921003436322,-22.486265831821413,4.570218625939068,0,1014.5740625
2026-05-01 16:05:18.273,TRUENORTH ACTIVE,52.198135,0.1202651,56.599998474121094,52.19813764525402,0.12026921003457683,-22.14594670378395,4.578643761433077,0,1018.205703125
2026-05-01 16:05:19.395,TRUENORTH ACTIVE,52.198135,0.1202651,56.599998474121094,52.19813764526012,0.12026921003483798,-21.797850669956908,4.592948650896523,0,1014.6546875
2026-05-01 16:05:20.529,TRUENORTH ACTIVE,52.198135,0.1202651,56.599998474121094,52.19813764526565,0.12026921003454501,-21.87020450922921,4.611157666363187,0,1014.940078125
2026-05-01 16:05:21.647,TRUENORTH ACTIVE,52.198135,0.1202651,56.599998474121094,52.198137645270656,0.12026921003468659,-21.903738408044624,4.633587357193295,0,1019.158359375
2026-05-01 16:05:22.778,TRUENORTH ACTIVE,52.198135,0.1202651,56.599998474121094,52.198137645275175,0.12026921003515978,-21.649854137894533,4.659642188747504,0,1014.812890625
2026-05-01 16:05:23.906,TRUENORTH ACTIVE,52.198135,0.1202651,56.599998474121094,52.19813764527931,0.12026921003422075,-21.760109389993914,4.68808512563583,0,1015.3009375
2026-05-01 16:05:25.005,TRUENORTH ACTIVE,52.198135,0.1202651,56.599998474121094,52.19813764528302,0.12026921003115913,-21.454478317615518,4.7160104551350885,0,1016.5115625
2026-05-01 16:05:26.119,TRUENORTH ACTIVE,52.198135,0.1202651,56.599998474121094,52.19813764528623,0.12026921002850986,-21.551138267051083,4.744161129862989,0,1014.689609375
2026-05-01 16:05:27.232,TRUENORTH ACTIVE,52.198135,0.1202651,56.599998474121094,52.19813764528908,0.12026921002623124,-21.258919830077332,4.774117776546742,0,1015.275390625
2026-05-01 16:05:28.338,TRUENORTH ACTIVE,52.198135,0.1202651,56.599998474121094,52.1981376452916,0.12026921002411065,-20.966188223353235,4.805254641717315,0,1015.740625
2026-05-01 16:05:29.466,TRUENORTH ACTIVE,52.198135,0.1202651,56.599998474121094,52.19813764529383,0.12026921002217843,-21.0189885311646,4.836873719487095,0,1015.893359375
2026-05-01 16:05:30.595,TRUENORTH ACTIVE,52.198135,0.1202651,56.599998474121094,52.19813764529586,0.12026921002049845,-21.2486217742227,4.870583191978779,0,1016.3103125
2026-05-01 16:05:31.728,TRUENORTH ACTIVE,52.198135,0.1202651,56.599998474121094,52.198137645297685,0.12026921001899175,-21.436630841243495,4.905156908036799,0,1015.844375
2026-05-01 16:05:32.864,TRUENORTH ACTIVE,52.198135,0.1202651,56.599998474121094,52.1981376452994,0.12026921001792482,-21.288877958212943,4.941179350966669,0,1016.4
2026-05-01 16:05:33.997,TRUENORTH ACTIVE,52.198135,0.1202651,56.599998474121094,52.198137645301074,0.12026921001747166,-21.655265370897173,4.978547447672548,0,1015.299765625
2026-05-01 16:05:35.133,TRUENORTH ACTIVE,52.198135,0.1202651,56.599998474121094,52.19813764530264,0.12026921001730462,-21.595038679689868,5.017334751674939,0,1016.3659375
2026-05-01 16:05:36.264,TRUENORTH ACTIVE,52.198135,0.1202651,56.599998474121094,52.19813764530407,0.12026921001728304,-21.55739772067369,5.05715563328277,0,1015.926875
2026-05-01 16:05:37.377,TRUENORTH ACTIVE,52.198135,0.1202651,56.599998474121094,52.19813764530535,0.12026921001720614,-22.238144547836704,5.097618634501402,0,1015.84890625
2026-05-01 16:05:38.495,TRUENORTH ACTIVE,52.198135,0.1202651,56.599998474121094,52.19813764530646,0.12026921001697888,-22.120400850610178,5.138823217314803,0,1015.464296875
2026-05-01 16:05:39.629,TRUENORTH ACTIVE,52.198135,0.1202651,56.599998474121094,52.19813764530745,0.12026921001664093,-22.12327847156762,5.180403425607357,0,1015.070703125
2026-05-01 16:05:40.751,TRUENORTH ACTIVE,52.198135,0.1202651,56.599998474121094,52.19813764530833,0.12026921001632254,-22.01120503458754,5.222271529872999,0,1017.39046875
2026-05-01 16:05:41.877,TRUENORTH ACTIVE,52.198135,0.1202651,56.599998474121094,52.19813764530912,0.12026921001587698,-22.379978541466777,5.264458655599776,0,1015.316015625
2026-05-01 16:05:43.029,TRUENORTH ACTIVE,52.198135,0.1202651,56.599998474121094,52.198137645309814,0.12026921001541474,-22.227924157738112,5.306524676038783,0,1017.304296875
2026-05-01 16:05:44.168,TRUENORTH ACTIVE,52.198135,0.1202651,56.599998474121094,52.19813764531046,0.12026921001509973,-22.318407810158817,5.348687528938095,0,1015.115859375
2026-05-01 16:05:45.299,TRUENORTH ACTIVE,52.198135,0.1202651,56.599998474121094,52.19813764531104,0.12026921001478723,-22.27570832294425,5.3911647750634755,0,1017.486796875
2026-05-01 16:05:46.444,TRUENORTH ACTIVE,52.198135,0.1202651,56.599998474121094,52.198137645311554,0.12026921001443439,-22.369150775025144,5.433565852029599,0,1015.375390625
2026-05-01 16:05:47.561,TRUENORTH ACTIVE,52.198135,0.1202651,56.599998474121094,52.198137645312,0.12026921001402739,-22.03277379430056,5.475920061701958,0,1014.935703125
2026-05-01 16:05:48.670,TRUENORTH ACTIVE,52.198135,0.1202651,56.599998474121094,52.1981376453124,0.12026921001366776,-22.270894969114064,5.518054400262686,0,1016.6628125
2026-05-01 16:05:49.793,TRUENORTH ACTIVE,52.198135,0.1202651,56.599998474121094,52.19813764531276,0.12026921001336138,-22.20285426168804,5.559643396006626,0,1015.13515625
2026-05-01 16:05:50.919,TRUENORTH ACTIVE,52.198135,0.1202651,56.599998474121094,52.1981376453131,0.1202692100131111,-21.95484862871273,5.601523578007916,0,1015.1884375
2026-05-01 16:05:52.070,TRUENORTH ACTIVE,52.198135,0.1202651,56.599998474121094,52.1981376453134,0.12026921001287998,-22.22375870307454,5.643299426779892,0,1017.068359375
2026-05-01 16:05:53.194,TRUENORTH ACTIVE,52.198135,0.1202651,56.599998474121094,52.19813764531368,0.12026921001268463,-22.13453220467941,5.685025143302708,0,1014.9946875
2026-05-01 16:05:54.328,TRUENORTH ACTIVE,52.198135,0.1202651,56.599998474121094,52.198137645313956,0.12026921001260389,-22.01692426150207,5.726965041666237,0,1017.26625
2026-05-01 16:05:55.447,TRUENORTH ACTIVE,52.198135,0.1202651,56.599998474121094,52.19813764531419,0.12026921001245139,-22.160595686155705,5.768810375784548,0,1015.76296875
2026-05-01 16:05:56.662,TRUENORTH ACTIVE,52.198135,0.1202651,56.599998474121094,52.19813764531438,0.12026921001228008,-22.10370939675632,5.8102215545459055,0,1016.145625
2026-05-01 16:05:57.800,TRUENORTH ACTIVE,52.198135,0.1202651,56.599998474121094,52.19813764531456,0.12026921001211496,-22.390113105000815,5.851661403600191,0,1016.091640625
2026-05-01 16:05:58.958,TRUENORTH ACTIVE,52.198135,0.1202651,56.599998474121094,52.198137645314716,0.12026921001194837,-22.304708493274862,5.892532299112818,0,1014.9621875
2026-05-01 16:06:00.082,TRUENORTH ACTIVE,52.198135,0.1202651,56.599998474121094,52.19813764531486,0.12026921001181669,-23.046789138343804,5.933005866260934,0,1021.04953125
2026-05-01 16:06:01.210,TRUENORTH ACTIVE,52.198135,0.1202651,56.599998474121094,52.19813764531499,0.1202692100116924,-22.602656105457275,5.973330309089278,0,1014.928515625
2026-05-01 16:06:02.341,TRUENORTH ACTIVE,52.198135,0.1202651,56.599998474121094,52.198137645315114,0.12026921001160275,-22.439173522739722,6.013599455623691,0,1015.2375
2026-05-01 16:06:03.498,TRUENORTH ACTIVE,52.198135,0.1202651,56.599998474121094,52.19813764531524,0.1202692100115584,-22.093263759320056,6.054080747622509,0,1015.912734375
2026-05-01 16:06:04.629,TRUENORTH ACTIVE,52.198135,0.1202651,56.599998474121094,52.19813764531536,0.12026921001155269,-22.070655736692213,6.0942922714904695,0,1015.638984375
2026-05-01 16:06:05.763,TRUENORTH ACTIVE,52.198135,0.1202651,56.599998474121094,52.19813764531547,0.12026921001156061,-22.15683666166763,6.133899085233744,0,1016.056171875
2026-05-01 16:06:06.908,TRUENORTH ACTIVE,52.198135,0.1202651,56.599998474121094,52.19813764531557,0.12026921001157027,-22.22967578001219,6.172339133221141,0,1015.957265625
2026-05-01 16:06:08.045,TRUENORTH ACTIVE,52.198135,0.1202651,56.599998474121094,52.198137645315654,0.12026921001158199,-22.449580225891715,6.210146030397743,0,1016.030546875
2026-05-01 16:06:09.197,TRUENORTH ACTIVE,52.198135,0.1202651,56.599998474121094,52.198137645315725,0.12026921001158362,-22.527370947700117,6.247806790462821,0,1016.02921875
2026-05-01 16:06:10.340,TRUENORTH ACTIVE,52.198135,0.1202651,56.599998474121094,52.198137645315796,0.12026921001157438,-22.586352983815033,6.2852035667817745,0,1015.910625
2026-05-01 16:06:11.461,TRUENORTH ACTIVE,52.198135,0.1202651,56.599998474121094,52.19813764531585,0.12026921001156456,-23.16527562304279,6.3233346420265475,0,1016.929453125
2026-05-01 16:06:12.592,TRUENORTH ACTIVE,52.198135,0.1202651,56.599998474121094,52.19813764531591,0.12026921001156689,-22.910607642460835,6.360316912668643,0,1016.380625
2026-05-01 16:06:13.745,TRUENORTH ACTIVE,52.198135,0.1202651,56.599998474121094,52.19813764531596,0.12026921001156003,-22.972762587986196,6.397414559120498,0,1015.56234375
2026-05-01 16:06:14.882,TRUENORTH ACTIVE,52.198135,0.1202651,56.599998474121094,52.198137645316,0.12026921001155409,-22.911644731349824,6.4354499365326845,0,1015.7521875
2026-05-01 16:06:15.998,TRUENORTH ACTIVE,52.198135,0.1202651,56.599998474121094,52.198137645316045,0.12026921001156331,-23.4598775127994,6.472649488523143,0,1019.070078125
2026-05-01 16:06:17.124,TRUENORTH ACTIVE,52.198135,0.1202651,56.599998474121094,52.19813764531608,0.12026921001155505,-23.59552250487289,6.51004917476299,0,1015.485390625
2026-05-01 16:06:18.250,TRUENORTH ACTIVE,52.198135,0.1202651,56.599998474121094,52.198137645316116,0.12026921001154083,-23.271385614133983,6.547578856173204,0,1015.101328125
2026-05-01 16:06:19.378,TRUENORTH ACTIVE,52.198135,0.1202651,56.599998474121094,52.198137645316145,0.12026921001154221,-23.06224251182355,6.584973968128594,0,1015.389921875
2026-05-01 16:06:20.515,TRUENORTH ACTIVE,52.198135,0.1202651,56.599998474121094,52.19813764531617,0.12026921001154557,-23.345218890206013,6.6222167659165985,0,1016.198515625
2026-05-01 16:06:21.640,TRUENORTH ACTIVE,52.198135,0.1202651,56.599998474121094,52.198137645316194,0.12026921001154614,-23.236088041990374,6.659221334481651,0,1015.420078125
2026-05-01 16:06:22.776,TRUENORTH ACTIVE,52.198135,0.1202651,56.599998474121094,52.19813764531622,0.12026921001154077,-23.142958395809842,6.696184836745036,0,1015.24671875
2026-05-01 16:06:23.929,TRUENORTH ACTIVE,52.198135,0.1202651,56.599998474121094,52.19813764531624,0.1202692100115389,-23.018624417647306,6.733032888476265,0,1015.35453125
2026-05-01 16:06:25.062,TRUENORTH ACTIVE,52.198135,0.1202651,56.599998474121094,52.19813764531626,0.12026921001153998,-22.987363008822623,6.769717406823993,0,1015.1525
2026-05-01 16:06:26.181,TRUENORTH ACTIVE,52.198135,0.1202651,56.599998474121094,52.19813764531627,0.12026921001154561,-23.02685151364282,6.806155645705419,0,1015.0959375
2026-05-01 16:06:27.317,TRUENORTH ACTIVE,52.198135,0.1202651,56.599998474121094,52.198137645316294,0.12026921001155301,-23.02429730681169,6.842057486330347,0,1015.98078125
2026-05-01 16:06:28.429,TRUENORTH ACTIVE,52.198135,0.1202651,56.599998474121094,52.1981376453163,0.1202692100115604,-22.904348121038893,6.8768445455494795,0,1016.1959375
2026-05-01 16:06:29.579,TRUENORTH ACTIVE,52.198135,0.1202651,56.599998474121094,52.198137645316315,0.12026921001156621,-22.865648847131226,6.9110578409864,0,1016.376484375
2026-05-01 16:06:30.713,TRUENORTH ACTIVE,52.198135,0.1202651,56.599998474121094,52.19813764531633,0.1202692100115705,-22.817295651305873,6.94476142355507,0,1015.84140625
2026-05-01 16:06:31.859,TRUENORTH ACTIVE,52.198135,0.1202651,56.599998474121094,52.198137645316336,0.12026921001157405,-22.762296842452944,6.979401072133957,0,1015.636328125
2026-05-01 16:06:32.980,TRUENORTH ACTIVE,52.198135,0.1202651,56.599998474121094,52.19813764531634,0.12026921001157685,-22.853199041677655,7.013892579484276,0,1015.30796875
2026-05-01 16:06:34.104,TRUENORTH ACTIVE,52.198135,0.1202651,56.599998474121094,52.19813764531635,0.12026921001157964,-23.097976061415594,7.048511166893303,0,1015.940859375
2026-05-01 16:06:35.260,TRUENORTH ACTIVE,52.198135,0.1202651,56.599998474121094,52.19813764531636,0.12026921001158264,-22.98075355648121,7.0832110694122425,0,1015.296875
2026-05-01 16:06:36.383,TRUENORTH ACTIVE,52.198135,0.1202651,56.599998474121094,52.198137645316365,0.12026921001158777,-22.84553162020763,7.117704925437579,0,1016.05203125
2026-05-01 16:06:37.522,TRUENORTH ACTIVE,52.198135,0.1202651,56.599998474121094,52.19813764531637,0.12026921001159341,-23.208375966106072,7.151068874163384,0,1015.99703125
2026-05-01 16:06:38.673,TRUENORTH ACTIVE,52.198135,0.1202651,56.599998474121094,52.19813764531638,0.12026921001159774,-23.246345336763145,7.183350857596659,0,1015.355234375
2026-05-01 16:06:39.797,TRUENORTH ACTIVE,52.198135,0.1202651,56.599998474121094,52.19813764531638,0.12026921001160014,-22.93855858905657,7.216073181683149,0,1015.1228125
2026-05-01 16:06:40.931,TRUENORTH ACTIVE,52.198135,0.1202651,56.599998474121094,52.198137645316386,0.12026921001160189,-23.051248459904475,7.249376923344586,0,1017.505390625
2026-05-01 16:06:42.065,TRUENORTH ACTIVE,52.198135,0.1202651,56.599998474121094,52.19813764531639,0.12026921001160372,-23.15584969512499,7.28301048464666,0,1015.553359375
2026-05-01 16:06:43.191,TRUENORTH ACTIVE,52.198135,0.1202651,56.599998474121094,52.19813764531639,0.12026921001160541,-22.880421092012917,7.316593322796762,0,1015.05734375
2026-05-01 16:06:44.327,TRUENORTH ACTIVE,52.198135,0.1202651,56.599998474121094,52.1981376453164,0.1202692100116074,-22.77201762106112,7.350132426660392,0,1017.30453125
2026-05-01 16:06:45.477,TRUENORTH ACTIVE,52.198135,0.1202651,56.599998474121094,52.1981376453164,0.12026921001160966,-23.074272723955644,7.3833649022355266,0,1015.58921875
2026-05-01 16:06:46.630,TRUENORTH ACTIVE,52.198135,0.1202651,56.599998474121094,52.1981376453164,0.12026921001161174,-22.812001309645133,7.416434043139684,0,1014.901484375
2026-05-01 16:06:47.757,TRUENORTH ACTIVE,52.198135,0.1202651,56.599998474121094,52.19813764531641,0.12026921001161378,-22.578734007843384,7.449212017812019,0,1017.040625
2026-05-01 16:06:48.904,TRUENORTH ACTIVE,52.198135,0.1202651,56.599998474121094,52.19813764531641,0.1202692100116155,-22.784725535820144,7.482020051290293,0,1015.863671875
2026-05-01 16:06:50.038,TRUENORTH ACTIVE,52.198135,0.1202651,56.599998474121094,52.19813764531641,0.12026921001161722,-22.443238175684936,7.51454713894696,0,1015.0328125
2026-05-01 16:06:51.191,TRUENORTH ACTIVE,52.198135,0.1202651,56.599998474121094,52.19813764531641,0.12026921001161879,-22.172380849933532,7.546995238842348,0,1015.63578125
2026-05-01 16:06:52.326,TRUENORTH ACTIVE,52.198135,0.1202651,56.599998474121094,52.198137645316415,0.12026921001162033,-22.325427431741602,7.579182616560185,0,1018.103125
2026-05-01 16:06:53.456,TRUENORTH ACTIVE,52.198135,0.1202651,56.599998474121094,52.198137645316415,0.1202692100116218,-22.244763303944083,7.610850480508131,0,1015.57109375
2026-05-01 16:06:54.578,TRUENORTH ACTIVE,52.198135,0.1202651,56.599998474121094,52.198137645316415,0.12026921001162294,-22.204861294037453,7.642346800478968,0,1015.24125
2026-05-01 16:06:55.722,TRUENORTH ACTIVE,52.198135,0.1202651,56.599998474121094,52.198137645316415,0.12026921001162419,-22.018732784748885,7.673323277476698,0,1014.85703125
2026-05-01 16:06:56.837,TRUENORTH ACTIVE,52.198135,0.1202651,56.599998474121094,52.198137645316415,0.12026921001162541,-21.71672440295284,7.703603703347318,0,1014.87421875
2026-05-01 16:06:57.970,TRUENORTH ACTIVE,52.198135,0.1202651,56.599998474121094,52.198137645316415,0.1202692100116263,-21.92498131428057,7.733873319238432,0,1016.56234375
2026-05-01 16:06:59.125,TRUENORTH ACTIVE,52.198135,0.1202651,56.599998474121094,52.198137645316415,0.1202692100116268,-22.038441278281812,7.764609331347253,0,1016.19765625
2026-05-01 16:07:00.253,TRUENORTH ACTIVE,52.198135,0.1202651,56.599998474121094,52.19813764531642,0.12026921001162705,-22.361510807538085,7.796003376699026,0,1016.961328125
2026-05-01 16:07:01.404,TRUENORTH ACTIVE,52.198135,0.1202651,56.599998474121094,52.19813764531642,0.12026921001162745,-22.112075292760856,7.827112948727556,0,1015.1065625
2026-05-01 16:07:02.525,TRUENORTH ACTIVE,52.198135,0.1202651,56.599998474121094,52.19813764531642,0.12026921001162803,-21.923461048689397,7.858395146944527,0,1014.67734375
2026-05-01 16:07:03.658,TRUENORTH ACTIVE,52.198135,0.1202651,56.599998474121094,52.19813764531642,0.12026921001162867,-21.631901889598783,7.889636702232248,0,1015.30234375
2026-05-01 16:07:04.779,TRUENORTH ACTIVE,52.198135,0.1202651,56.599998474121094,52.19813764531642,0.12026921001162927,-21.86079912666336,7.920718129121849,0,1016.235546875
2026-05-01 16:07:05.920,TRUENORTH ACTIVE,52.198135,0.1202651,56.599998474121094,52.19813764531642,0.1202692100116298,-21.70944801007696,7.951510690085582,0,1014.785859375
2026-05-01 16:07:07.074,TRUENORTH ACTIVE,52.198135,0.1202651,56.599998474121094,52.19813764531642,0.12026921001163025,-21.565339780777315,7.982274887008998,0,1016.593359375
2026-05-01 16:07:08.223,TRUENORTH ACTIVE,52.198135,0.1202651,56.599998474121094,52.19813764531642,0.1202692100116308,-21.779266228595567,8.012769863332743,0,1016.29515625
2026-05-01 16:07:09.369,TRUENORTH ACTIVE,52.198135,0.1202651,56.599998474121094,52.19813764531642,0.12026921001163138,-21.843986748894935,8.039522372264898,0,1015.0778125
2026-05-01 16:07:10.502,TRUENORTH ACTIVE,52.198135,0.1202651,56.599998474121094,52.19813764531642,0.12026921001163171,-21.760974517539097,8.06704878913968,0,1014.603671875
2026-05-01 16:07:11.646,TRUENORTH ACTIVE,52.198135,0.1202651,56.599998474121094,52.19813764531642,0.12026921001163199,-21.345283483847734,8.096773861444431,0,1015.9234375
2026-05-01 16:07:12.788,TRUENORTH ACTIVE,52.198135,0.1202651,56.599998474121094,52.19813764531642,0.12026921001163228,-21.399875341090848,8.126513001225936,0,1016.131875
2026-05-01 16:07:13.926,TRUENORTH ACTIVE,52.198135,0.1202651,56.599998474121094,52.19813764531642,0.12026921001163263,-21.229597111482345,8.156106813831263,0,1015.698984375
2026-05-01 16:07:15.073,TRUENORTH ACTIVE,52.198135,0.1202651,56.599998474121094,52.19813764531642,0.12026921001163299,-21.17818221557964,8.1847351331475,0,1015.842421875
2026-05-01 16:07:16.196,TRUENORTH ACTIVE,52.198135,0.1202651,56.599998474121094,52.19813764531642,0.1202692100116333,-21.112965694005247,8.212639960089545,0,1015.709140625
2026-05-01 16:07:17.325,TRUENORTH ACTIVE,52.198135,0.1202651,56.599998474121094,52.19813764531642,0.12026921001163365,-21.201999878124564,8.240102870558108,0,1015.988984375
2026-05-01 16:07:18.460,TRUENORTH ACTIVE,52.198135,0.1202651,56.599998474121094,52.19813764531642,0.120269210011634,-21.256385054413755,8.264309726490298,0,1015.87671875
2026-05-01 16:07:19.593,TRUENORTH ACTIVE,52.198135,0.1202651,56.599998474121094,52.19813764531642,0.12026921001163426,-21.351898084977318,8.285427785201737,0,1015.81234375
2026-05-01 16:07:20.727,TRUENORTH ACTIVE,52.198135,0.1202651,56.599998474121094,52.19813764531642,0.12026921001163449,-21.379562534605476,8.306708067464669,0,1015.7665625
2026-05-01 16:07:21.862,TRUENORTH ACTIVE,52.198135,0.1202651,56.599998474121094,52.19813764531642,0.12026921001163468,-21.52931633655547,8.328859610560007,0,1016.143203125
2026-05-01 16:07:22.990,TRUENORTH ACTIVE,52.198135,0.1202651,56.599998474121094,52.19813764531642,0.12026921001163486,-22.010929494376764,8.350743318547634,0,1016.6328125
2026-05-01 16:07:24.122,TRUENORTH ACTIVE,52.198135,0.1202651,56.599998474121094,52.19813764531642,0.12026921001163501,-22.50626519438423,8.374963481185134,0,1016.126953125
2026-05-01 16:07:25.269,TRUENORTH ACTIVE,52.198135,0.1202651,56.599998474121094,52.19813764531642,0.12026921001163515,-22.313921357354673,8.40126059874737,0,1014.521328125
2026-05-01 16:07:26.410,TRUENORTH ACTIVE,52.198135,0.1202651,56.599998474121094,52.19813764531642,0.12026921001163526,-22.291516638655185,8.428259039900611,0,1015.512578125
2026-05-01 16:07:27.541,TRUENORTH ACTIVE,52.198135,0.1202651,56.599998474121094,52.19813764531642,0.12026921001163537,-22.18152220143931,8.455368725625542,0,1016.394296875
2026-05-01 16:07:28.676,TRUENORTH ACTIVE,52.198135,0.1202651,56.599998474121094,52.19813764531642,0.12026921001163546,-22.05126300588707,8.482763286244206,0,1016.775
2026-05-01 16:07:29.790,TRUENORTH ACTIVE,52.198135,0.1202651,56.599998474121094,52.19813764531642,0.12026921001163554,-22.0424756121964,8.510240830512197,0,1016.05875
2026-05-01 16:07:30.901,TRUENORTH ACTIVE,52.198135,0.1202651,56.599998474121094,52.19813764531642,0.12026921001163561,-22.020033252811935,8.53781053312941,0,1015.85375
2026-05-01 16:07:32.003,TRUENORTH ACTIVE,52.198135,0.1202651,56.599998474121094,52.19813764531642,0.12026921001163565,-22.04382470649063,8.564724345621075,0,1018.32703125
2026-05-01 16:07:33.111,TRUENORTH ACTIVE,52.198135,0.1202651,56.599998474121094,52.19813764531642,0.1202692100116357,-22.133010762702547,8.590173274092496,0,1015.972265625
2026-05-01 16:07:34.208,TRUENORTH ACTIVE,52.198135,0.1202651,56.599998474121094,52.19813764531642,0.12026921001163575,-22.041286919608453,8.616371643177656,0,1015.69546875
2026-05-01 16:07:35.332,TRUENORTH ACTIVE,52.198135,0.1202651,56.599998474121094,52.19813764531642,0.1202692100116358,-21.723318416703197,8.64353044954922,0,1015.421171875
2026-05-01 16:07:36.447,TRUENORTH ACTIVE,52.198135,0.1202651,56.599998474121094,52.19813764531642,0.12026921001163583,-22.01654182021834,8.669800403658536,0,1016.1965625
2026-05-01 16:07:37.569,TRUENORTH ACTIVE,52.198135,0.1202651,56.599998474121094,52.19813764531642,0.12026921001163586,-22.153932138866846,8.694618023733014,0,1016.911484375
2026-05-01 16:07:38.676,TRUENORTH ACTIVE,52.198135,0.1202651,56.599998474121094,52.19813764531642,0.1202692100116359,-21.990328277555463,8.717891610675672,0,1016.17203125
2026-05-01 16:07:39.785,TRUENORTH ACTIVE,52.198135,0.1202651,56.599998474121094,52.19813764531642,0.12026921001163596,-22.23799080099798,8.742108824393547,0,1014.964140625
2026-05-01 16:07:40.889,TRUENORTH ACTIVE,52.198135,0.1202651,56.599998474121094,52.19813764531642,0.120269210011636,-22.51747163033064,8.768635489523392,0,1014.6925
2026-05-01 16:07:42.003,TRUENORTH ACTIVE,52.198135,0.1202651,56.599998474121094,52.19813764531642,0.12026921001163605,-22.38746126095476,8.794220525295271,0,1014.612578125
2026-05-01 16:07:43.114,TRUENORTH ACTIVE,52.198135,0.1202651,56.599998474121094,52.19813764531642,0.12026921001163608,-22.160401731202885,8.816798447373435,0,1014.84390625
2026-05-01 16:07:44.226,TRUENORTH ACTIVE,52.198135,0.1202651,56.599998474121094,52.19813764531642,0.12026921001163612,-22.206691378741358,8.838644091541084,0,1015.511484375
2026-05-01 16:07:45.343,TRUENORTH ACTIVE,52.198135,0.1202651,56.599998474121094,52.19813764531642,0.12026921001163615,-21.997160888219852,8.859218673798164,0,1015.572421875
2026-05-01 16:07:46.457,TRUENORTH ACTIVE,52.198135,0.1202651,56.599998474121094,52.19813764531642,0.12026921001163617,-21.90678709504782,8.877193850782628,0,1015.418125
2026-05-01 16:07:47.572,TRUENORTH ACTIVE,52.198135,0.1202651,56.599998474121094,52.19813764531642,0.12026921001163618,-21.9020257893239,8.892192278921167,0,1015.346796875
2026-05-01 16:07:48.683,TRUENORTH ACTIVE,52.198135,0.1202651,56.599998474121094,52.19813764531642,0.12026921001163621,-22.265965968663792,8.907015970357005,0,1014.3446875
2026-05-01 16:07:49.795,TRUENORTH ACTIVE,52.198135,0.1202651,56.599998474121094,52.19813764531642,0.12026921001163621,-22.490230177150035,8.921297218415566,0,1015.133828125
2026-05-01 16:07:50.912,TRUENORTH ACTIVE,52.198135,0.1202651,56.599998474121094,52.19813764531642,0.12026921001163622,-22.294513199220948,8.937280786623718,0,1015.506796875
2026-05-01 16:07:52.019,TRUENORTH ACTIVE,52.198135,0.1202651,56.599998474121094,52.19813764531642,0.12026921001163624,-22.305755350235735,8.956325096584688,0,1015.472109375
2026-05-01 16:07:53.121,TRUENORTH ACTIVE,52.198135,0.1202651,56.599998474121094,52.19813764531642,0.12026921001163625,-22.134346723468663,8.976537772097272,0,1015.895390625
2026-05-01 16:07:54.245,TRUENORTH ACTIVE,52.198135,0.1202651,56.599998474121094,52.19813764531642,0.12026921001163626,-22.112020599743033,8.997149297032296,0,1015.851953125
2026-05-01 16:07:55.349,TRUENORTH ACTIVE,52.198135,0.1202651,56.599998474121094,52.19813764531642,0.12026921001163626,-22.18710333295012,9.018261992629194,0,1015.91
2026-05-01 16:07:56.464,TRUENORTH ACTIVE,52.198135,0.1202651,56.599998474121094,52.19813764531642,0.12026921001163628,-22.195875696238655,9.039394876823225,0,1015.456171875
2026-05-01 16:07:57.578,TRUENORTH ACTIVE,52.198135,0.1202651,56.599998474121094,52.19813764531642,0.12026921001163628,-22.51755463132991,9.06162497242999,0,1015.669765625
2026-05-01 16:07:58.691,TRUENORTH ACTIVE,52.198135,0.1202651,56.599998474121094,52.19813764531642,0.12026921001163629,-22.344426392049446,9.084590448788289,0,1015.595859375
2026-05-01 16:07:59.800,TRUENORTH ACTIVE,52.198135,0.1202651,56.599998474121094,52.19813764531642,0.12026921001163629,-22.338320137970154,9.107171191868781,0,1015.819921875
2026-05-01 16:08:00.908,TRUENORTH ACTIVE,52.198135,0.1202651,56.599998474121094,52.19813764531642,0.1202692100116363,-22.10524473337047,9.129656812799857,0,1015.676171875
2026-05-01 16:08:02.021,TRUENORTH ACTIVE,52.198135,0.1202651,56.599998474121094,52.19813764531642,0.1202692100116363,-22.408951744718195,9.153750685016925,0,1015.947734375
2026-05-01 16:08:03.137,TRUENORTH ACTIVE,52.198135,0.1202651,56.599998474121094,52.19813764531642,0.1202692100116363,-22.350076025525865,9.177475869697261,0,1015.430078125
2026-05-01 16:08:04.253,TRUENORTH ACTIVE,52.198135,0.1202651,56.599998474121094,52.19813764531642,0.12026921001163632,-22.46200792571486,9.200840673440414,0,1015.480625
2026-05-01 16:08:05.371,TRUENORTH ACTIVE,52.198135,0.1202651,56.599998474121094,52.19813764531642,0.12026921001163632,-22.20804314895224,9.225427541082095,0,1016.709296875
2026-05-01 16:08:06.490,TRUENORTH ACTIVE,52.198135,0.1202651,56.599998474121094,52.19813764531642,0.12026921001163632,-22.34552317137865,9.250013949225337,0,1016.1265625
2026-05-01 16:08:07.598,TRUENORTH ACTIVE,52.198135,0.1202651,56.599998474121094,52.19813764531642,0.12026921001163632,-22.72467782356655,9.27407183086634,0,1015.98453125
2026-05-01 16:08:08.705,TRUENORTH ACTIVE,52.198135,0.1202651,56.599998474121094,52.19813764531642,0.12026921001163633,-22.82836735902214,9.298093713139519,0,1018.1221875
2026-05-01 16:08:09.835,TRUENORTH ACTIVE,52.198135,0.1202651,56.599998474121094,52.19813764531642,0.12026921001163633,-23.074830261094306,9.32163250440484,0,1015.424296875
2026-05-01 16:08:10.946,TRUENORTH ACTIVE,52.198135,0.1202651,56.599998474121094,52.19813764531642,0.12026921001163633,-22.79369705237486,9.345409183007563,0,1015.774140625
2026-05-01 16:08:12.052,TRUENORTH ACTIVE,52.198135,0.1202651,56.599998474121094,52.19813764531642,0.12026921001163633,-22.6536851527176,9.370104357006282,0,1015.86171875
2026-05-01 16:08:13.178,TRUENORTH ACTIVE,52.198135,0.1202651,56.599998474121094,52.19813764531642,0.12026921001163633,-22.557323232350228,9.395120558872698,0,1015.712109375
2026-05-01 16:08:14.290,TRUENORTH ACTIVE,52.198135,0.1202651,56.599998474121094,52.19813764531642,0.12026921001163633,-22.594434221108482,9.419685345091548,0,1015.939375
2026-05-01 16:08:15.412,TRUENORTH ACTIVE,52.198135,0.1202651,56.599998474121094,52.19813764531642,0.12026921001163633,-22.55854551188067,9.443255856108669,0,1015.9859375
2026-05-01 16:08:16.529,TRUENORTH ACTIVE,52.198135,0.1202651,56.599998474121094,52.19813764531642,0.12026921001163635,-22.58995004164609,9.46605981884625,0,1016.09390625
2026-05-01 16:08:17.635,TRUENORTH ACTIVE,52.198135,0.1202651,56.599998474121094,52.19813764531642,0.12026921001163635,-22.586172877694104,9.488134730560677,0,1016.17984375
2026-05-01 16:08:18.743,TRUENORTH ACTIVE,52.198135,0.1202651,56.599998474121094,52.19813764531642,0.12026921001163635,-22.517637997297967,9.51027793949945,0,1016.462421875
2026-05-01 16:08:19.845,TRUENORTH ACTIVE,52.198135,0.1202651,56.599998474121094,52.19813764531642,0.12026921001163635,-22.557903483966854,9.5332721466153,0,1016.254609375
2026-05-01 16:08:20.951,TRUENORTH ACTIVE,52.198135,0.1202651,56.599998474121094,52.19813764531642,0.12026921001163635,-22.819750998425306,9.557177432908187,0,1016.298125
2026-05-01 16:08:22.069,TRUENORTH ACTIVE,52.198135,0.1202651,56.599998474121094,52.19813764531642,0.12026921001163635,-22.87837753749281,9.581319042870373,0,1016.0890625
2026-05-01 16:08:23.177,TRUENORTH ACTIVE,52.198135,0.1202651,56.599998474121094,52.19813764531642,0.12026921001163635,-23.252808330739068,9.605840591118026,0,1015.84765625
2026-05-01 16:08:24.281,TRUENORTH ACTIVE,52.198135,0.1202651,56.599998474121094,52.19813764531642,0.12026921001163635,-23.248090481099442,9.630468734070808,0,1016.081328125
2026-05-01 16:08:25.397,TRUENORTH ACTIVE,52.198135,0.1202651,56.599998474121094,52.19813764531642,0.12026921001163635,-23.258837168476937,9.655246948354721,0,1016.1259375
2026-05-01 16:08:26.508,TRUENORTH ACTIVE,52.198135,0.1202651,56.599998474121094,52.19813764531642,0.12026921001163635,-23.30576829824615,9.679977489777958,0,1015.815703125
2026-05-01 16:08:27.608,TRUENORTH ACTIVE,52.198135,0.1202651,56.599998474121094,52.19813764531642,0.12026921001163635,-23.221192349688824,9.70475239189315,0,1015.712265625
2026-05-01 16:08:28.714,TRUENORTH ACTIVE,52.198135,0.1202651,56.599998474121094,52.19813764531642,0.12026921001163635,-23.423657336215527,9.729353848924537,0,1016.1059375
2026-05-01 16:08:29.826,TRUENORTH ACTIVE,52.198135,0.1202651,56.599998474121094,52.19813764531642,0.12026921001163635,-23.223582498369577,9.754216453238312,0,1015.718359375
2026-05-01 16:08:30.933,TRUENORTH ACTIVE,52.198135,0.1202651,56.599998474121094,52.19813764531642,0.12026921001163635,-23.3502646226336,9.779128701878166,0,1014.861953125
2026-05-01 16:08:32.042,TRUENORTH ACTIVE,52.198135,0.1202651,56.599998474121094,52.19813764531642,0.12026921001163635,-23.168813265175412,9.80311000066717,0,1015.4809375
2026-05-01 16:08:33.157,TRUENORTH ACTIVE,52.198135,0.1202651,56.599998474121094,52.19813764531642,0.12026921001163635,-24.05704413789963,9.827070404051145,0,1018.6996875
2026-05-01 16:08:34.265,TRUENORTH ACTIVE,52.198135,0.1202651,56.599998474121094,52.19813764531642,0.12026921001163635,-23.8336462513984,9.85041114423626,0,1021.373046875
2026-05-01 16:08:35.376,TRUENORTH ACTIVE,52.198135,0.1202651,56.599998474121094,52.19813764531642,0.12026921001163635,-23.60117477870355,9.874097848903602,0,1015.26734375
2026-05-01 16:08:36.491,TRUENORTH ACTIVE,52.198135,0.1202651,56.599998474121094,52.19813764531642,0.12026921001163635,-23.706400808279106,9.898455988823274,0,1015.6315625
2026-05-01 16:08:37.592,TRUENORTH ACTIVE,52.198135,0.1202651,56.599998474121094,52.19813764531642,0.12026921001163635,-23.34500781638022,9.920343888949931,0,1014.86171875
2026-05-01 16:08:38.710,TRUENORTH ACTIVE,52.198135,0.1202651,56.599998474121094,52.19813764531642,0.12026921001163635,-23.790106751809553,9.93660163267238,0,1015.890859375
2026-05-01 16:08:39.816,TRUENORTH ACTIVE,52.198135,0.1202651,56.599998474121094,52.19813764531642,0.12026921001163635,-23.210605058623756,9.946353205903879,0,1015.1975
2026-05-01 16:08:40.932,TRUENORTH ACTIVE,52.198135,0.1202651,56.599998474121094,52.19813764531642,0.12026921001163635,-23.60686681236297,9.952877852200299,0,1016.181796875
2026-05-01 16:08:42.038,TRUENORTH ACTIVE,52.198135,0.1202651,56.599998474121094,52.19813764531642,0.12026921001163635,-23.11460813499569,9.9571868341826,0,1015.00828125
2026-05-01 16:08:43.141,TRUENORTH ACTIVE,52.198135,0.1202651,56.599998474121094,52.19813764531642,0.12026921001163635,-22.87851742466235,9.961310114134108,0,1016.069375
2026-05-01 16:08:44.258,TRUENORTH ACTIVE,52.198135,0.1202651,56.599998474121094,52.19813764531642,0.12026921001163635,-23.19772776723786,9.967115665344217,0,1017.42453125
2026-05-01 16:08:45.355,TRUENORTH ACTIVE,52.198135,0.1202651,56.599998474121094,52.19813764531642,0.12026921001163635,-23.050549692479628,9.9747241762357,0,1015.7125
2026-05-01 16:08:46.465,TRUENORTH ACTIVE,52.198135,0.1202651,56.599998474121094,52.19813764531642,0.12026921001163635,-22.871868842237042,9.984145022612534,0,1015.17515625
2026-05-01 16:08:47.575,TRUENORTH ACTIVE,52.198135,0.1202651,56.599998474121094,52.19813764531642,0.12026921001163635,-22.89447952432257,9.994009428890152,0,1014.889140625
2026-05-01 16:08:48.688,TRUENORTH ACTIVE,52.198135,0.1202651,56.599998474121094,52.19813764531642,0.12026921001163635,-22.700445785387238,10.004939154570717,0,1015.45828125
2026-05-01 16:08:49.797,TRUENORTH ACTIVE,52.198135,0.1202651,56.599998474121094,52.19813764531642,0.12026921001163635,-22.67176856185832,10.016073064876869,0,1018.0415625
2026-05-01 16:08:50.897,TRUENORTH ACTIVE,52.198135,0.1202651,56.599998474121094,52.19813764531642,0.12026921001163635,-22.803228292108418,10.028147361819288,0,1017.851328125
2026-05-01 16:08:52.015,TRUENORTH ACTIVE,52.198135,0.1202651,56.599998474121094,52.19813764531642,0.12026921001163635,-22.842445092313604,10.039877789207129,0,1015.935703125
2026-05-01 16:08:53.139,TRUENORTH ACTIVE,52.198135,0.1202651,56.599998474121094,52.19813764531642,0.12026921001163635,-22.707532850091134,10.052675775527522,0,1015.6290625
2026-05-01 16:08:54.259,TRUENORTH ACTIVE,52.198135,0.1202651,56.599998474121094,52.19813764531642,0.12026921001163635,-22.596272429202546,10.066346766862402,0,1015.22640625
2026-05-01 16:08:55.373,TRUENORTH ACTIVE,52.198135,0.1202651,56.599998474121094,52.19813764531642,0.12026921001163635,-22.5746711658892,10.080973800448906,0,1014.80265625
2026-05-01 16:08:56.486,TRUENORTH ACTIVE,52.198135,0.1202651,56.599998474121094,52.19813764531642,0.12026921001163635,-22.31925505018691,10.096006167040944,0,1014.991484375
2026-05-01 16:08:57.609,TRUENORTH ACTIVE,52.198135,0.1202651,56.599998474121094,52.19813764531642,0.12026921001163635,-22.223917761295052,10.11173498868434,0,1014.89890625
2026-05-01 16:08:58.730,TRUENORTH ACTIVE,52.198135,0.1202651,56.599998474121094,52.19813764531642,0.12026921001163635,-22.124306807549825,10.128553822282852,0,1015.301484375
2026-05-01 16:08:59.841,TRUENORTH ACTIVE,52.198135,0.1202651,56.599998474121094,52.19813764531642,0.12026921001163635,-22.06810057190511,10.146120151651356,0,1016.35140625
2026-05-01 16:09:00.943,TRUENORTH ACTIVE,52.198135,0.1202651,56.599998474121094,52.19813764531642,0.12026921001163635,-22.171821947202545,10.164270731987184,0,1017.857265625
2026-05-01 16:09:02.056,TRUENORTH ACTIVE,52.198135,0.1202651,56.599998474121094,52.19813764531642,0.12026921001163635,-22.402188094461174,10.183253119695895,0,1016.690703125
2026-05-01 16:09:03.164,TRUENORTH ACTIVE,52.198135,0.1202651,56.599998474121094,52.19813764531642,0.12026921001163635,-22.31709089786567,10.20315983434214,0,1015.671640625
2026-05-01 16:09:04.272,TRUENORTH ACTIVE,52.198135,0.1202651,56.599998474121094,52.19813764531642,0.12026921001163635,-22.256786291512842,10.223424822749543,0,1014.9403125
2026-05-01 16:09:05.380,TRUENORTH ACTIVE,52.198135,0.1202651,56.599998474121094,52.19813764531642,0.12026921001163635,-22.19935517465082,10.244011116294086,0,1014.803984375
2026-05-01 16:09:06.493,TRUENORTH ACTIVE,52.198135,0.1202651,56.599998474121094,52.19813764531642,0.12026921001163635,-22.94352912869828,10.264966498589317,0,1017.64890625
2026-05-01 16:09:07.596,TRUENORTH ACTIVE,52.198135,0.1202651,56.599998474121094,52.19813764531642,0.12026921001163635,-22.371380898336763,10.286182599907043,0,1014.695703125
2026-05-01 16:09:08.706,TRUENORTH ACTIVE,52.198135,0.1202651,56.599998474121094,52.19813764531642,0.12026921001163635,-22.677318998941196,10.307576278046636,0,1015.322109375
2026-05-01 16:09:09.814,TRUENORTH ACTIVE,52.198135,0.1202651,56.599998474121094,52.19813764531642,0.12026921001163635,-22.311807072364548,10.329236496917748,0,1017.3225
2026-05-01 16:09:10.921,TRUENORTH ACTIVE,52.198135,0.1202651,56.599998474121094,52.19813764531642,0.12026921001163635,-22.206175683879753,10.3509382793582,0,1014.748203125
2026-05-01 16:09:12.020,TRUENORTH ACTIVE,52.198135,0.1202651,56.599998474121094,52.19813764531642,0.12026921001163635,-21.93368251933354,10.372330260628557,0,1015.309921875
2026-05-01 16:09:13.133,TRUENORTH ACTIVE,52.198135,0.1202651,56.599998474121094,52.19813764531642,0.12026921001163635,-21.689119697077334,10.394030733516706,0,1015.81859375
2026-05-01 16:09:14.253,TRUENORTH ACTIVE,52.198135,0.1202651,56.599998474121094,52.19813764531642,0.12026921001163635,-21.6734535126044,10.41605487097801,0,1015.99765625
2026-05-01 16:09:15.362,TRUENORTH ACTIVE,52.198135,0.1202651,56.599998474121094,52.19813764531642,0.12026921001163635,-21.706376896326624,10.438360435747057,0,1016.06828125
2026-05-01 16:09:16.474,TRUENORTH ACTIVE,52.198135,0.1202651,56.599998474121094,52.19813764531642,0.12026921001163635,-21.760071020639252,10.460827920122219,0,1015.927890625
2026-05-01 16:09:17.586,TRUENORTH ACTIVE,52.198135,0.1202651,56.599998474121094,52.19813764531642,0.12026921001163635,-22.15183059662367,10.483286450745487,0,1017.712578125
2026-05-01 16:09:18.692,TRUENORTH ACTIVE,52.198135,0.1202651,56.599998474121094,52.19813764531642,0.12026921001163635,-22.505336833612798,10.505643568407645,0,1015.324453125
2026-05-01 16:09:19.785,TRUENORTH ACTIVE,52.198135,0.1202651,56.599998474121094,52.19813764531642,0.12026921001163635,-22.12495669318624,10.528272472198232,0,1015.17984375
2026-05-01 16:09:20.895,TRUENORTH ACTIVE,52.198135,0.1202651,56.599998474121094,52.19813764531642,0.12026921001163635,-22.4896041957452,10.550815639414026,0,1016.637421875
2026-05-01 16:09:21.996,TRUENORTH ACTIVE,52.198135,0.1202651,56.599998474121094,52.19813764531642,0.12026921001163635,-22.284892617558462,10.573056021578537,0,1014.839765625
2026-05-01 16:09:23.098,TRUENORTH ACTIVE,52.198135,0.1202651,56.599998474121094,52.19813764531642,0.12026921001163635,-22.103694709638127,10.595163035164713,0,1016.83984375
2026-05-01 16:09:24.201,TRUENORTH ACTIVE,52.198135,0.1202651,56.599998474121094,52.19813764531642,0.12026921001163635,-22.28893211871194,10.617379691064048,0,1015.35203125
2026-05-01 16:09:25.300,TRUENORTH ACTIVE,52.198135,0.1202651,56.599998474121094,52.19813764531642,0.12026921001163635,-22.24362819162793,10.639711617181964,0,1015.412578125
2026-05-01 16:09:26.408,TRUENORTH ACTIVE,52.198135,0.1202651,56.599998474121094,52.19813764531642,0.12026921001163635,-22.703930977823003,10.662198143922046,0,1015.581875
2026-05-01 16:09:27.510,TRUENORTH ACTIVE,52.198135,0.1202651,56.599998474121094,52.19813764531642,0.12026921001163635,-22.26049326680698,10.684726937815872,0,1014.84671875
2026-05-01 16:09:28.614,TRUENORTH ACTIVE,52.198135,0.1202651,56.599998474121094,52.19813764531642,0.12026921001163635,-22.580295622124613,10.707041754438787,0,1015.429296875
2026-05-01 16:09:29.727,TRUENORTH ACTIVE,52.198135,0.1202651,56.599998474121094,52.19813764531642,0.12026921001163635,-22.22241793708602,10.72924053138585,0,1015.51671875
2026-05-01 16:09:30.840,TRUENORTH ACTIVE,52.198135,0.1202651,56.599998474121094,52.19813764531642,0.12026921001163635,-22.390299331868327,10.751582439709894,0,1015.250703125
2026-05-01 16:09:31.951,TRUENORTH ACTIVE,52.198135,0.1202651,56.599998474121094,52.19813764531642,0.12026921001163635,-22.416954111286252,10.773816846261537,0,1019.29984375
2026-05-01 16:09:33.063,TRUENORTH ACTIVE,52.198135,0.1202651,56.599998474121094,52.19813764531642,0.12026921001163635,-22.463358467967673,10.796046727233557,0,1014.665234375
2026-05-01 16:09:34.176,TRUENORTH ACTIVE,52.198135,0.1202651,56.599998474121094,52.19813764531642,0.12026921001163635,-22.777586604244686,10.818338085244243,0,1016.09984375
2026-05-01 16:09:35.293,TRUENORTH ACTIVE,52.198135,0.1202651,56.599998474121094,52.19813764531642,0.12026921001163635,-22.48131546965165,10.8408161570999,0,1015.501796875
2026-05-01 16:09:36.400,TRUENORTH ACTIVE,52.198135,0.1202651,56.599998474121094,52.19813764531642,0.12026921001163635,-22.767010535465094,10.863188687573889,0,1015.5015625
2026-05-01 16:09:37.509,TRUENORTH ACTIVE,52.198135,0.1202651,56.599998474121094,52.19813764531642,0.12026921001163635,-22.90473063644686,10.885485954339204,0,1019.111171875
2026-05-01 16:09:38.617,TRUENORTH ACTIVE,52.198135,0.1202651,56.599998474121094,52.19813764531642,0.12026921001163635,-23.070014902645077,10.907922258989561,0,1014.611796875
2026-05-01 16:09:39.721,TRUENORTH ACTIVE,52.198135,0.1202651,56.599998474121094,52.19813764531642,0.12026921001163635,-23.22752788241984,10.9303148230521,0,1015.982421875
2026-05-01 16:09:40.841,TRUENORTH ACTIVE,52.198135,0.1202651,56.599998474121094,52.19813764531642,0.12026921001163635,-22.829753483892212,10.952518786519944,0,1016.056875
2026-05-01 16:09:41.951,TRUENORTH ACTIVE,52.198135,0.1202651,56.599998474121094,52.19813764531642,0.12026921001163635,-23.2540351738438,10.97445538342867,0,1014.789453125
2026-05-01 16:09:43.061,TRUENORTH ACTIVE,52.198135,0.1202651,56.599998474121094,52.19813764531642,0.12026921001163635,-23.48024457733216,10.996676223155301,0,1016.96640625
2026-05-01 16:09:44.166,TRUENORTH ACTIVE,52.198135,0.1202651,56.599998474121094,52.19813764531642,0.12026921001163635,-23.09022120185823,11.019083762970892,0,1014.82265625
2026-05-01 16:09:45.269,TRUENORTH ACTIVE,52.198135,0.1202651,56.599998474121094,52.19813764531642,0.12026921001163635,-23.366442771177834,11.041456894829897,0,1015.0928125
2026-05-01 16:09:46.365,TRUENORTH ACTIVE,52.198135,0.1202651,56.599998474121094,52.19813764531642,0.12026921001163635,-23.238217147166484,11.063455031793062,0,1018.123046875
2026-05-01 16:09:47.469,TRUENORTH ACTIVE,52.198135,0.1202651,56.599998474121094,52.19813764531642,0.12026921001163635,-22.99459814212884,11.084673736965867,0,1015.699609375
2026-05-01 16:09:48.584,TRUENORTH ACTIVE,52.198135,0.1202651,56.599998474121094,52.19813764531642,0.12026921001163635,-22.875957764313597,11.106489398135254,0,1016.1690625
2026-05-01 16:09:49.690,TRUENORTH ACTIVE,52.198135,0.1202651,56.599998474121094,52.19813764531642,0.12026921001163635,-22.824979660469044,11.128663292104244,0,1015.96703125
2026-05-01 16:09:50.792,TRUENORTH ACTIVE,52.198135,0.1202651,56.599998474121094,52.19813764531642,0.12026921001163635,-22.870294788547305,11.15068428020691,0,1015.9821875
2026-05-01 16:09:51.894,TRUENORTH ACTIVE,52.198135,0.1202651,56.599998474121094,52.19813764531642,0.12026921001163635,-22.990929684121845,11.172649969278787,0,1016.125859375
2026-05-01 16:09:52.998,TRUENORTH ACTIVE,52.198135,0.1202651,56.599998474121094,52.19813764531642,0.12026921001163635,-23.06624816205641,11.194379572939392,0,1016.06421875
2026-05-01 16:09:54.107,TRUENORTH ACTIVE,52.198135,0.1202651,56.599998474121094,52.19813764531642,0.12026921001163635,-23.12720148979206,11.216230626394522,0,1016.068046875
2026-05-01 16:09:55.222,TRUENORTH ACTIVE,52.198135,0.1202651,56.599998474121094,52.19813764531642,0.12026921001163635,-23.139029825469812,11.238125380599092,0,1016.047734375
2026-05-01 16:09:56.336,TRUENORTH ACTIVE,52.198135,0.1202651,56.599998474121094,52.19813764531642,0.12026921001163635,-23.12245878823539,11.259944219007187,0,1016.430546875
2026-05-01 16:09:57.439,TRUENORTH ACTIVE,52.198135,0.1202651,56.599998474121094,52.19813764531642,0.12026921001163635,-23.331734976553893,11.281684927502804,0,1016.626328125
2026-05-01 16:09:58.556,TRUENORTH ACTIVE,52.198135,0.1202651,56.599998474121094,52.19813764531642,0.12026921001163635,-24.042593185488816,11.303512394435453,0,1016.980703125
2026-05-01 16:09:59.655,TRUENORTH ACTIVE,52.198135,0.1202651,56.599998474121094,52.19813764531642,0.12026921001163635,-23.57931298918947,11.325129695064987,0,1015.52578125
2026-05-01 16:10:00.764,TRUENORTH ACTIVE,52.198135,0.1202651,56.599998474121094,52.19813764531642,0.12026921001163635,-23.271172028787838,11.346298187475803,0,1015.523359375
2026-05-01 16:10:01.868,TRUENORTH ACTIVE,52.198135,0.1202651,56.599998474121094,52.19813764531642,0.12026921001163635,-23.64898335423114,11.366315307891282,0,1015.4553125
2026-05-01 16:10:02.975,TRUENORTH ACTIVE,52.198135,0.1202651,56.599998474121094,52.19813764531642,0.12026921001163635,-23.302016851856916,11.383722137006632,0,1016.40921875
2026-05-01 16:10:04.087,TRUENORTH ACTIVE,52.198135,0.1202651,56.599998474121094,52.19813764531642,0.12026921001163635,-23.51230749495298,11.402068320077328,0,1015.115859375
2026-05-01 16:10:05.203,TRUENORTH ACTIVE,52.198135,0.1202651,56.599998474121094,52.19813764531642,0.12026921001163635,-23.829025640869826,11.422277765451316,0,1015.80859375
2026-05-01 16:10:06.308,TRUENORTH ACTIVE,52.198135,0.1202651,56.599998474121094,52.19813764531642,0.12026921001163635,-23.678977858982282,11.442546638240078,0,1016.612578125
2026-05-01 16:10:07.409,TRUENORTH ACTIVE,52.198135,0.1202651,56.599998474121094,52.19813764531642,0.12026921001163635,-23.791191707549487,11.463490531382517,0,1016.07015625
2026-05-01 16:10:08.515,TRUENORTH ACTIVE,52.198135,0.1202651,56.599998474121094,52.19813764531642,0.12026921001163635,-23.576035244742588,11.4839219107949,0,1015.712421875
2026-05-01 16:10:09.624,TRUENORTH ACTIVE,52.198135,0.1202651,56.599998474121094,52.19813764531642,0.12026921001163635,-23.436057327083805,11.499496756605554,0,1014.782578125
2026-05-01 16:10:10.734,TRUENORTH ACTIVE,52.198135,0.1202651,56.599998474121094,52.19813764531642,0.12026921001163635,-22.863656528617547,11.51984976736951,0,1016.90390625
2026-05-01 16:10:11.841,TRUENORTH ACTIVE,52.198135,0.1202651,56.599998474121094,52.19813764531642,0.12026921001163635,-22.73361088662828,11.539878249147058,0,1016.86234375
2026-05-01 16:10:12.944,TRUENORTH ACTIVE,52.198135,0.1202651,56.599998474121094,52.19813764531642,0.12026921001163635,-22.66234659577884,11.55932918248864,0,1017.1159375
2026-05-01 16:10:14.051,TRUENORTH ACTIVE,52.198135,0.1202651,56.599998474121094,52.19813764531642,0.12026921001163635,-22.653969905489017,11.578084059852905,0,1016.49
2026-05-01 16:10:15.163,TRUENORTH ACTIVE,52.198135,0.1202651,56.599998474121094,52.19813764531642,0.12026921001163635,-22.62267990680508,11.595151950211154,0,1016.278671875
2026-05-01 16:10:16.280,TRUENORTH ACTIVE,52.198135,0.1202651,56.599998474121094,52.19813764531642,0.12026921001163635,-22.648330789768007,11.611667461330068,0,1016.133046875
2026-05-01 16:10:17.385,TRUENORTH ACTIVE,52.198135,0.1202651,56.599998474121094,52.19813764531642,0.12026921001163635,-22.633986352273148,11.628600399320662,0,1015.790859375
2026-05-01 16:10:18.493,TRUENORTH ACTIVE,52.198135,0.1202651,56.599998474121094,52.19813764531642,0.12026921001163635,-22.60386322492146,11.645203892091768,0,1015.989609375
2026-05-01 16:10:19.608,TRUENORTH ACTIVE,52.198135,0.1202651,56.599998474121094,52.19813764531642,0.12026921001163635,-22.505182205061928,11.661471548648414,0,1015.85453125
2026-05-01 16:10:20.718,TRUENORTH ACTIVE,52.198135,0.1202651,56.599998474121094,52.19813764531642,0.12026921001163635,-22.5510200876975,11.67808440723756,0,1016.061640625
2026-05-01 16:10:21.832,TRUENORTH ACTIVE,52.198135,0.1202651,56.599998474121094,52.19813764531642,0.12026921001163635,-22.5692141101445,11.692755142943684,0,1016.02046875
2026-05-01 16:10:22.951,TRUENORTH ACTIVE,52.198135,0.1202651,56.599998474121094,52.19813764531642,0.12026921001163635,-22.621915212080175,11.701670633784826,0,1015.986484375
2026-05-01 16:10:24.051,TRUENORTH ACTIVE,52.198135,0.1202651,56.599998474121094,52.19813764531642,0.12026921001163635,-22.539193630555477,11.704120802314652,0,1015.907109375
2026-05-01 16:10:25.156,TRUENORTH ACTIVE,52.198135,0.1202651,56.599998474121094,52.19813764531642,0.12026921001163635,-22.674447650012713,11.704551495951208,0,1015.904375
2026-05-01 16:10:26.261,TRUENORTH ACTIVE,52.198135,0.1202651,56.599998474121094,52.19813764531642,0.12026921001163635,-22.57162774830771,11.710159487561516,0,1016.057890625
2026-05-01 16:10:27.373,TRUENORTH ACTIVE,52.198135,0.1202651,56.599998474121094,52.19813764531642,0.12026921001163635,-22.65341713864813,11.716582577709373,0,1016.074609375
2026-05-01 16:10:28.483,TRUENORTH ACTIVE,52.198135,0.1202651,56.599998474121094,52.19813764531642,0.12026921001163635,-22.642136045833848,11.720608364621125,0,1015.96359375
2026-05-01 16:10:29.600,TRUENORTH ACTIVE,52.198135,0.1202651,56.599998474121094,52.19813764531642,0.12026921001163635,-22.61401820057251,11.722255519303546,0,1015.9125
2026-05-01 16:10:30.723,TRUENORTH ACTIVE,52.198135,0.1202651,56.599998474121094,52.19813764531642,0.12026921001163635,-22.549926347684195,11.722852900039598,0,1015.903515625
2026-05-01 16:10:31.851,TRUENORTH ACTIVE,52.198135,0.1202651,56.599998474121094,52.19813764531642,0.12026921001163635,-22.616153106492504,11.724303669740243,0,1015.7721875
2026-05-01 16:10:32.969,TRUENORTH ACTIVE,52.198135,0.1202651,56.599998474121094,52.19813764531642,0.12026921001163635,-22.54301450885603,11.73056663560173,0,1015.9053125
2026-05-01 16:10:34.081,TRUENORTH ACTIVE,52.198135,0.1202651,56.599998474121094,52.19813764531642,0.12026921001163635,-22.52835232218009,11.73911893710406,0,1015.91640625
2026-05-01 16:10:35.201,TRUENORTH ACTIVE,52.198135,0.1202651,56.599998474121094,52.19813764531642,0.12026921001163635,-22.5193277547638,11.748762590690664,0,1015.960859375
2026-05-01 16:10:36.314,TRUENORTH ACTIVE,52.198135,0.1202651,56.599998474121094,52.19813764531642,0.12026921001163635,-22.51793800872325,11.75904281825272,0,1016.010234375
2026-05-01 16:10:37.428,TRUENORTH ACTIVE,52.198135,0.1202651,56.599998474121094,52.19813764531642,0.12026921001163635,-22.571814578200257,11.769942574420877,0,1015.96109375
2026-05-01 16:10:38.520,TRUENORTH ACTIVE,52.198135,0.1202651,56.599998474121094,52.19813764531642,0.12026921001163635,-22.55912102229065,11.781341908316918,0,1015.996484375
2026-05-01 16:10:39.623,TRUENORTH ACTIVE,52.198135,0.1202651,56.599998474121094,52.19813764531642,0.12026921001163635,-22.64414344184123,11.793017468287136,0,1016.033359375
2026-05-01 16:10:40.730,TRUENORTH ACTIVE,52.198135,0.1202651,56.599998474121094,52.19813764531642,0.12026921001163635,-22.64073816568558,11.805177907653334,0,1016.036875
2026-05-01 16:10:41.844,TRUENORTH ACTIVE,52.198135,0.1202651,56.599998474121094,52.19813764531642,0.12026921001163635,-22.674138988196578,11.817800670409763,0,1015.970546875
2026-05-01 16:10:42.933,TRUENORTH ACTIVE,52.198135,0.1202651,56.599998474121094,52.19813764531642,0.12026921001163635,-22.603313808734885,11.830830324308176,0,1015.95515625
2026-05-01 16:10:44.048,TRUENORTH ACTIVE,52.198135,0.1202651,56.599998474121094,52.19813764531642,0.12026921001163635,-22.600020203302034,11.844346996021564,0,1015.878515625
2026-05-01 16:10:45.167,TRUENORTH ACTIVE,52.198135,0.1202651,56.599998474121094,52.19813764531642,0.12026921001163635,-22.54250506655314,11.858289563931672,0,1015.933046875
2026-05-01 16:10:46.287,TRUENORTH ACTIVE,52.198135,0.1202651,56.599998474121094,52.19813764531642,0.12026921001163635,-22.5093032487855,11.872749285894535,0,1015.906484375
2026-05-01 16:10:47.420,TRUENORTH ACTIVE,52.198135,0.1202651,56.599998474121094,52.19813764531642,0.12026921001163635,-22.492456071442806,11.887759375723798,0,1015.9509375
2026-05-01 16:10:48.539,TRUENORTH ACTIVE,52.198135,0.1202651,56.599998474121094,52.19813764531642,0.12026921001163635,-22.481374789157908,11.90339833042142,0,1015.95828125
2026-05-01 16:10:49.650,TRUENORTH ACTIVE,52.198135,0.1202651,56.599998474121094,52.19813764531642,0.12026921001163635,-22.51476649453815,11.919681887919142,0,1016.000390625
2026-05-01 16:10:50.775,TRUENORTH ACTIVE,52.198135,0.1202651,56.599998474121094,52.19813764531642,0.12026921001163635,-22.83459447149598,11.93635354849537,0,1015.75453125
2026-05-01 16:10:51.882,TRUENORTH ACTIVE,52.198135,0.1202651,56.599998474121094,52.19813764531642,0.12026921001163635,-22.82378913806097,11.953586305715623,0,1017.451875
2026-05-01 16:10:52.997,TRUENORTH ACTIVE,52.198135,0.1202651,56.599998474121094,52.19813764531642,0.12026921001163635,-22.91876277637301,11.969736044228014,0,1016.519765625
2026-05-01 16:10:54.113,TRUENORTH ACTIVE,52.198135,0.1202651,56.599998474121094,52.19813764531642,0.12026921001163635,-22.904982843628048,11.983467561187677,0,1015.626484375
2026-05-01 16:10:55.226,TRUENORTH ACTIVE,52.198135,0.1202651,56.599998474121094,52.19813764531642,0.12026921001163635,-22.93671337085811,11.992354335922778,0,1015.82859375
2026-05-01 16:10:56.338,TRUENORTH ACTIVE,52.198135,0.1202651,56.599998474121094,52.19813764531642,0.12026921001163635,-22.77380408709963,11.9983890203589,0,1016.100703125
2026-05-01 16:10:57.452,TRUENORTH ACTIVE,52.198135,0.1202651,56.599998474121094,52.19813764531642,0.12026921001163635,-22.870447734949973,12.002966298693924,0,1018.045234375
2026-05-01 16:10:58.551,TRUENORTH ACTIVE,52.198135,0.1202651,56.599998474121094,52.19813764531642,0.12026921001163635,-22.921236170000956,12.006745457707783,0,1016.429609375
2026-05-01 16:10:59.658,TRUENORTH ACTIVE,52.198135,0.1202651,56.599998474121094,52.19813764531642,0.12026921001163635,-23.54858408843131,11.997971178459714,0,1019.941875
2026-05-01 16:11:00.769,TRUENORTH ACTIVE,52.198135,0.1202651,56.599998474121094,52.19813764531642,0.12026921001163635,-24.90105977032782,11.990462371408219,0,1013.38078125
2026-05-01 16:11:01.869,TRUENORTH ACTIVE,52.198135,0.1202651,56.599998474121094,52.19813764531642,0.12026921001163635,-22.727714969866494,11.985547689266777,0,1015.09484375
2026-05-01 16:11:02.965,TRUENORTH ACTIVE,52.198135,0.1202651,56.599998474121094,52.19813764531642,0.12026921001163635,-22.412002832002425,11.985375978569996,0,1015.044765625
2026-05-01 16:11:04.079,TRUENORTH ACTIVE,52.198135,0.1202651,56.599998474121094,52.19813764531642,0.12026921001163635,-22.160409915209684,11.988680124000512,0,1015.382734375
2026-05-01 16:11:05.192,TRUENORTH ACTIVE,52.198135,0.1202651,56.599998474121094,52.19813764531642,0.12026921001163635,-22.40190387519161,11.994942113888994,0,1019.77109375
2026-05-01 16:11:06.298,TRUENORTH ACTIVE,52.198135,0.1202651,56.599998474121094,52.19813764531642,0.12026921001163635,-22.548386744615527,12.00316506844482,0,1017.228046875
2026-05-01 16:11:07.416,TRUENORTH ACTIVE,52.198135,0.1202651,56.599998474121094,52.19813764531642,0.12026921001163635,-22.44583369417522,12.01250311073041,0,1015.59765625
2026-05-01 16:11:08.523,TRUENORTH ACTIVE,52.198135,0.1202651,56.599998474121094,52.19813764531642,0.12026921001163635,-22.50417692310358,12.022829969961647,0,1014.7896875
2026-05-01 16:11:09.633,TRUENORTH ACTIVE,52.198135,0.1202651,56.599998474121094,52.19813764531642,0.12026921001163635,-22.134093685971543,12.03403784592642,0,1014.96359375
2026-05-01 16:11:10.740,TRUENORTH ACTIVE,52.198135,0.1202651,56.599998474121094,52.19813764531642,0.12026921001163635,-21.96186350689461,12.046126437047125,0,1015.86265625
2026-05-01 16:11:11.850,TRUENORTH ACTIVE,52.198135,0.1202651,56.599998474121094,52.19813764531642,0.12026921001163635,-22.33138504207271,12.058971312431867,0,1017.33859375
2026-05-01 16:11:12.981,TRUENORTH ACTIVE,52.198135,0.1202651,56.599998474121094,52.19813764531642,0.12026921001163635,-21.921791289156353,12.072422234161175,0,1015.21328125
2026-05-01 16:11:14.130,TRUENORTH ACTIVE,52.198135,0.1202651,56.599998474121094,52.19813764531642,0.12026921001163635,-21.51459568872871,12.086621187964603,0,1014.883046875
2026-05-01 16:11:15.292,TRUENORTH ACTIVE,52.198135,0.1202651,56.599998474121094,52.19813764531642,0.12026921001163635,-21.311330732505805,12.101420645161067,0,1015.290234375
2026-05-01 16:11:16.447,TRUENORTH ACTIVE,52.198135,0.1202651,56.599998474121094,52.19813764531642,0.12026921001163635,-21.571601700097784,12.116541626647736,0,1018.171484375
2026-05-01 16:11:17.609,TRUENORTH ACTIVE,52.198135,0.1202651,56.599998474121094,52.19813764531642,0.12026921001163635,-21.661518813751083,12.131957916653127,0,1015.9690625
2026-05-01 16:11:18.767,TRUENORTH ACTIVE,52.198135,0.1202651,56.599998474121094,52.19813764531642,0.12026921001163635,-21.668684929200875,12.14783578674902,0,1015.577421875
2026-05-01 16:11:19.893,TRUENORTH ACTIVE,52.198135,0.1202651,56.599998474121094,52.19813764531642,0.12026921001163635,-21.590563583153354,12.16420398673506,0,1015.4971875
2026-05-01 16:11:21.040,TRUENORTH ACTIVE,52.198135,0.1202651,56.599998474121094,52.19813764531642,0.12026921001163635,-21.33133253836151,12.17739015788465,0,1015.116640625
2026-05-01 16:11:22.209,TRUENORTH ACTIVE,52.198135,0.1202651,56.599998474121094,52.19813764531642,0.12026921001163635,-20.781953792751953,12.182470739185582,0,1016.023828125
2026-05-01 16:11:23.344,TRUENORTH ACTIVE,52.198135,0.1202651,56.599998474121094,52.19813764531642,0.12026921001163635,-20.677047255587976,12.185397492451655,0,1014.1209375
2026-05-01 16:11:24.484,TRUENORTH ACTIVE,52.198135,0.1202651,56.599998474121094,52.19813764531642,0.12026921001163635,-20.09552797308324,12.19429830218807,0,1015.04171875
2026-05-01 16:11:25.634,TRUENORTH ACTIVE,52.198135,0.1202651,56.599998474121094,52.19813764531642,0.12026921001163635,-19.94106703193957,12.207209815439462,0,1015.459609375
2026-05-01 16:11:26.791,TRUENORTH ACTIVE,52.198135,0.1202651,56.599998474121094,52.19813764531642,0.12026921001163635,-19.843430794769738,12.22203436200625,0,1015.607890625
2026-05-01 16:11:27.930,TRUENORTH ACTIVE,52.198135,0.1202651,56.599998474121094,52.19813764531642,0.12026921001163635,-19.803891626587273,12.237224569262704,0,1015.049453125
2026-05-01 16:11:29.080,TRUENORTH ACTIVE,52.198135,0.1202651,56.599998474121094,52.19813764531642,0.12026921001163635,-19.79269079332529,12.251857838271555,0,1014.999296875
2026-05-01 16:11:30.245,TRUENORTH ACTIVE,52.198135,0.1202651,56.599998474121094,52.19813764531642,0.12026921001163635,-19.770090561611525,12.265735150674033,0,1015.36703125
2026-05-01 16:11:31.392,TRUENORTH ACTIVE,52.198135,0.1202651,56.599998474121094,52.19813764531642,0.12026921001163635,-19.697051567643893,12.279055841346507,0,1015.6765625
2026-05-01 16:11:32.534,TRUENORTH ACTIVE,52.198135,0.1202651,56.599998474121094,52.19813764531642,0.12026921001163635,-19.677134030591482,12.292110917907985,0,1015.823359375
2026-05-01 16:11:33.674,TRUENORTH ACTIVE,52.198135,0.1202651,56.599998474121094,52.19813764531642,0.12026921001163635,-19.638969796710693,12.305061119476926,0,1015.95125
2026-05-01 16:11:34.812,TRUENORTH ACTIVE,52.198135,0.1202651,56.599998474121094,52.19813764531642,0.12026921001163635,-19.627633124945223,12.317843462594693,0,1017.042109375
2026-05-01 16:11:35.961,TRUENORTH ACTIVE,52.198135,0.1202651,56.599998474121094,52.19813764531642,0.12026921001163635,-19.474780464148527,12.332264855500407,0,1015.74
2026-05-01 16:11:37.105,TRUENORTH ACTIVE,52.198135,0.1202651,56.599998474121094,52.19813764531642,0.12026921001163635,-19.37374916865895,12.346302405663469,0,1015.511015625
2026-05-01 16:11:38.229,TRUENORTH ACTIVE,52.198135,0.1202651,56.599998474121094,52.19813764531642,0.12026921001163635,-19.296588208553224,12.354675945478164,0,1015.6115625
2026-05-01 16:11:39.365,TRUENORTH ACTIVE,52.198135,0.1202651,56.599998474121094,52.19813764531642,0.12026921001163635,-19.308859185371723,12.360227468354479,0,1015.474609375
2026-05-01 16:11:40.523,TRUENORTH ACTIVE,52.198135,0.1202651,56.599998474121094,52.19813764531642,0.12026921001163635,-19.2048082437615,12.362004461663878,0,1015.34984375
2026-05-01 16:11:41.661,TRUENORTH ACTIVE,52.198135,0.1202651,56.599998474121094,52.19813764531642,0.12026921001163635,-19.129826807048534,12.360809266403407,0,1015.021484375
2026-05-01 16:11:42.808,TRUENORTH ACTIVE,52.198135,0.1202651,56.599998474121094,52.19813764531642,0.12026921001163635,-19.143672626695096,12.3592042398578,0,1015.149921875
2026-05-01 16:11:43.978,TRUENORTH ACTIVE,52.198135,0.1202651,56.599998474121094,52.19813764531642,0.12026921001163635,-19.122032229991497,12.35551990767529,0,1015.428671875
2026-05-01 16:11:45.127,TRUENORTH ACTIVE,52.198135,0.1202651,56.599998474121094,52.19813764531642,0.12026921001163635,-18.96735014199888,12.353496323317477,0,1015.684296875
2026-05-01 16:11:46.288,TRUENORTH ACTIVE,52.198135,0.1202651,56.599998474121094,52.19813764531642,0.12026921001163635,-19.211060595207123,12.358202760373759,0,1017.192890625
2026-05-01 16:11:47.457,TRUENORTH ACTIVE,52.198135,0.1202651,56.599998474121094,52.19813764531642,0.12026921001163635,-19.053549302061302,12.366600497405173,0,1015.247109375
2026-05-01 16:11:48.589,TRUENORTH ACTIVE,52.198135,0.1202651,56.599998474121094,52.19813764531642,0.12026921001163635,-18.830300127889018,12.373963899916246,0,1015.370625
2026-05-01 16:11:49.743,TRUENORTH ACTIVE,52.198135,0.1202651,56.599998474121094,52.19813764531642,0.12026921001163635,-19.025880658093694,12.383167577091397,0,1015.35203125
2026-05-01 16:11:50.889,TRUENORTH ACTIVE,52.198135,0.1202651,56.599998474121094,52.19813764531642,0.12026921001163635,-19.00560841565147,12.392903790777485,0,1015.29078125
2026-05-01 16:11:52.046,TRUENORTH ACTIVE,52.198135,0.1202651,56.599998474121094,52.19813764531642,0.12026921001163635,-18.86832596187181,12.403229468689624,0,1015.453828125
2026-05-01 16:11:53.208,TRUENORTH ACTIVE,52.198135,0.1202651,56.599998474121094,52.19813764531642,0.12026921001163635,-18.695061745456346,12.415399756857642,0,1015.294765625
2026-05-01 16:11:54.360,TRUENORTH ACTIVE,52.198135,0.1202651,56.599998474121094,52.19813764531642,0.12026921001163635,-18.656752358959128,12.427131865466158,0,1015.513046875
2026-05-01 16:11:55.521,TRUENORTH ACTIVE,52.198135,0.1202651,56.599998474121094,52.19813764531642,0.12026921001163635,-18.675242676924825,12.436419956103771,0,1015.58578125
2026-05-01 16:11:56.677,TRUENORTH ACTIVE,52.198135,0.1202651,56.599998474121094,52.19813764531642,0.12026921001163635,-18.86270123559596,12.443927681682556,0,1015.586328125
2026-05-01 16:11:57.814,TRUENORTH ACTIVE,52.198135,0.1202651,56.599998474121094,52.19813764531642,0.12026921001163635,-19.57984211750674,12.454525586213212,0,1016.779296875
2026-05-01 16:11:58.955,TRUENORTH ACTIVE,52.198135,0.1202651,56.599998474121094,52.19813764531642,0.12026921001163635,-19.218646957492616,12.467485684713699,0,1014.781640625
2026-05-01 16:12:00.110,TRUENORTH ACTIVE,52.198135,0.1202651,56.599998474121094,52.19813764531642,0.12026921001163635,-19.4143843476269,12.478305143196831,0,1016.813671875
2026-05-01 16:12:01.278,TRUENORTH ACTIVE,52.198135,0.1202651,56.599998474121094,52.19813764531642,0.12026921001163635,-19.082008466484393,12.488976921636015,0,1015.2015625
2026-05-01 16:12:02.420,TRUENORTH ACTIVE,52.198135,0.1202651,56.599998474121094,52.19813764531642,0.12026921001163635,-18.964126638232884,12.4975215951153,0,1015.626796875
2026-05-01 16:12:03.558,TRUENORTH ACTIVE,52.198135,0.1202651,56.599998474121094,52.19813764531642,0.12026921001163635,-18.89805133693398,12.505239342305355,0,1015.494296875
2026-05-01 16:12:04.727,TRUENORTH ACTIVE,52.198135,0.1202651,56.599998474121094,52.19813764531642,0.12026921001163635,-18.91101405933749,12.511983408254729,0,1015.70765625
2026-05-01 16:12:05.889,TRUENORTH ACTIVE,52.198135,0.1202651,56.599998474121094,52.19813764531642,0.12026921001163635,-19.373785125103314,12.520973178434266,0,1016.661953125
2026-05-01 16:12:07.055,TRUENORTH ACTIVE,52.198135,0.1202651,56.599998474121094,52.19813764531642,0.12026921001163635,-19.04411869418671,12.532768409520417,0,1015.251328125
2026-05-01 16:12:08.229,TRUENORTH ACTIVE,52.198135,0.1202651,56.599998474121094,52.19813764531642,0.12026921001163635,-18.913450301353606,12.54526488332047,0,1015.384765625
2026-05-01 16:12:09.387,TRUENORTH ACTIVE,52.198135,0.1202651,56.599998474121094,52.19813764531642,0.12026921001163635,-18.923147800272474,12.557742651340373,0,1015.44296875
2026-05-01 16:12:10.528,TRUENORTH ACTIVE,52.198135,0.1202651,56.599998474121094,52.19813764531642,0.12026921001163635,-18.96637527699404,12.571047261139126,0,1015.61890625
2026-05-01 16:12:11.688,TRUENORTH ACTIVE,52.198135,0.1202651,56.599998474121094,52.19813764531642,0.12026921001163635,-18.959161804935963,12.583561702972013,0,1015.588359375
2026-05-01 16:12:12.824,TRUENORTH ACTIVE,52.198135,0.1202651,56.599998474121094,52.19813764531642,0.12026921001163635,-18.919301851725223,12.59652681739814,0,1015.49515625
2026-05-01 16:12:13.973,TRUENORTH ACTIVE,52.198135,0.1202651,56.599998474121094,52.19813764531642,0.12026921001163635,-19.301665146144995,12.610567164270776,0,1015.895546875
2026-05-01 16:12:15.128,TRUENORTH ACTIVE,52.198135,0.1202651,56.599998474121094,52.19813764531642,0.12026921001163635,-18.959518845119813,12.621781773204747,0,1015.191796875
2026-05-01 16:12:16.277,TRUENORTH ACTIVE,52.198135,0.1202651,56.599998474121094,52.19813764531642,0.12026921001163635,-18.851135447322896,12.629332803418373,0,1015.41171875
2026-05-01 16:12:17.419,TRUENORTH ACTIVE,52.198135,0.1202651,56.599998474121094,52.19813764531642,0.12026921001163635,-18.723536506051857,12.634574527301922,0,1015.176484375
2026-05-01 16:12:18.556,TRUENORTH ACTIVE,52.198135,0.1202651,56.599998474121094,52.19813764531642,0.12026921001163635,-18.67954596129641,12.639737455837924,0,1015.49109375
2026-05-01 16:12:19.708,TRUENORTH ACTIVE,52.198135,0.1202651,56.599998474121094,52.19813764531642,0.12026921001163635,-18.735022926086355,12.646746540855808,0,1015.53921875
2026-05-01 16:12:20.861,TRUENORTH ACTIVE,52.198135,0.1202651,56.599998474121094,52.19813764531642,0.12026921001163635,-18.839033414041058,12.655999335797674,0,1015.573828125
2026-05-01 16:12:22.008,TRUENORTH ACTIVE,52.198135,0.1202651,56.599998474121094,52.19813764531642,0.12026921001163635,-19.064014418445566,12.667798342252341,0,1015.42203125
2026-05-01 16:12:23.172,TRUENORTH ACTIVE,52.198135,0.1202651,56.599998474121094,52.19813764531642,0.12026921001163635,-19.024468969855874,12.680859743272062,0,1015.66828125
2026-05-01 16:12:24.335,TRUENORTH ACTIVE,52.198135,0.1202651,56.599998474121094,52.19813764531642,0.12026921001163635,-19.115690884450686,12.694993287908774,0,1016.265390625
2026-05-01 16:12:25.478,TRUENORTH ACTIVE,52.198135,0.1202651,56.599998474121094,52.19813764531642,0.12026921001163635,-19.171339948116753,12.709780163390633,0,1015.6959375
2026-05-01 16:12:26.634,TRUENORTH ACTIVE,52.198135,0.1202651,56.599998474121094,52.19813764531642,0.12026921001163635,-19.240716391263486,12.724340556874234,0,1016.00015625
2026-05-01 16:12:27.787,TRUENORTH ACTIVE,52.198135,0.1202651,56.599998474121094,52.19813764531642,0.12026921001163635,-19.258840130276475,12.736692144056125,0,1016.24625
2026-05-01 16:12:28.940,TRUENORTH ACTIVE,52.198135,0.1202651,56.599998474121094,52.19813764531642,0.12026921001163635,-19.21354499281663,12.744703656756164,0,1015.43921875
2026-05-01 16:12:30.108,TRUENORTH ACTIVE,52.198135,0.1202651,56.599998474121094,52.19813764531642,0.12026921001163635,-19.04388207882624,12.752974635697612,0,1015.49328125
2026-05-01 16:12:31.256,TRUENORTH ACTIVE,52.198135,0.1202651,56.599998474121094,52.19813764531642,0.12026921001163635,-19.137732647452985,12.764292814602932,0,1015.754765625
2026-05-01 16:12:32.418,TRUENORTH ACTIVE,52.198135,0.1202651,56.599998474121094,52.19813764531642,0.12026921001163635,-19.233412189363545,12.77785929254026,0,1015.54078125
2026-05-01 16:12:33.577,TRUENORTH ACTIVE,52.198135,0.1202651,56.599998474121094,52.19813764531642,0.12026921001163635,-19.17411787795396,12.792779573605008,0,1015.39125
2026-05-01 16:12:34.744,TRUENORTH ACTIVE,52.198135,0.1202651,56.599998474121094,52.19813764531642,0.12026921001163635,-19.20576503226182,12.808197615374498,0,1015.67125
2026-05-01 16:12:35.900,TRUENORTH ACTIVE,52.198135,0.1202651,56.599998474121094,52.19813764531642,0.12026921001163635,-19.239271128127818,12.823994398928665,0,1015.54484375
2026-05-01 16:12:37.070,TRUENORTH ACTIVE,52.198135,0.1202651,56.599998474121094,52.19813764531642,0.12026921001163635,-19.281076668509687,12.840006561886817,0,1015.641328125
2026-05-01 16:12:38.209,TRUENORTH ACTIVE,52.198135,0.1202651,56.599998474121094,52.19813764531642,0.12026921001163635,-19.346923522406907,12.856175663341112,0,1015.648828125
2026-05-01 16:12:39.354,TRUENORTH ACTIVE,52.198135,0.1202651,56.599998474121094,52.19813764531642,0.12026921001163635,-19.266157708684375,12.872428013531435,0,1015.5509375
2026-05-01 16:12:40.502,TRUENORTH ACTIVE,52.198135,0.1202651,56.599998474121094,52.19813764531642,0.12026921001163635,-19.259611290341383,12.88891028038313,0,1015.53203125
2026-05-01 16:12:41.685,TRUENORTH ACTIVE,52.198135,0.1202651,56.599998474121094,52.19813764531642,0.12026921001163635,-19.2270336609833,12.905565994251704,0,1015.580078125
2026-05-01 16:12:42.841,TRUENORTH ACTIVE,52.198135,0.1202651,56.599998474121094,52.19813764531642,0.12026921001163635,-19.33989823147495,12.921978659231911,0,1015.78390625
2026-05-01 16:12:43.969,TRUENORTH ACTIVE,52.198135,0.1202651,56.599998474121094,52.19813764531642,0.12026921001163635,-19.42002971974751,12.938338402430785,0,1015.62109375
2026-05-01 16:12:45.116,TRUENORTH ACTIVE,52.198135,0.1202651,56.599998474121094,52.19813764531642,0.12026921001163635,-19.473747833984643,12.954796691356306,0,1015.74625
2026-05-01 16:12:46.253,TRUENORTH ACTIVE,52.198135,0.1202651,56.599998474121094,52.19813764531642,0.12026921001163635,-19.54711916769095,12.971323413053844,0,1015.324921875
2026-05-01 16:12:47.391,TRUENORTH ACTIVE,52.198135,0.1202651,56.599998474121094,52.19813764531642,0.12026921001163635,-19.364857078165837,12.988312492330083,0,1015.557265625
2026-05-01 16:12:48.538,TRUENORTH ACTIVE,52.198135,0.1202651,56.599998474121094,52.19813764531642,0.12026921001163635,-19.361097265439668,13.005578397373602,0,1015.58140625
2026-05-01 16:12:49.671,TRUENORTH ACTIVE,52.198135,0.1202651,56.599998474121094,52.19813764531642,0.12026921001163635,-19.362957733193525,13.023106542979491,0,1015.622265625
2026-05-01 16:12:50.845,TRUENORTH ACTIVE,52.198135,0.1202651,56.599998474121094,52.19813764531642,0.12026921001163635,-19.410682609640055,13.040818976292824,0,1015.586328125
2026-05-01 16:12:51.985,TRUENORTH ACTIVE,52.198135,0.1202651,56.599998474121094,52.19813764531642,0.12026921001163635,-19.4404476733365,13.058664636713925,0,1015.69546875
2026-05-01 16:12:53.105,TRUENORTH ACTIVE,52.198135,0.1202651,56.599998474121094,52.19813764531642,0.12026921001163635,-19.532341670124506,13.076585069904711,0,1015.7421875
2026-05-01 16:12:54.254,TRUENORTH ACTIVE,52.198135,0.1202651,56.599998474121094,52.19813764531642,0.12026921001163635,-19.622877889933243,13.094597085634566,0,1015.63546875
2026-05-01 16:12:55.386,TRUENORTH ACTIVE,52.198135,0.1202651,56.599998474121094,52.19813764531642,0.12026921001163635,-19.564546562739988,13.112764950673325,0,1015.6265625
2026-05-01 16:12:56.535,TRUENORTH ACTIVE,52.198135,0.1202651,56.599998474121094,52.19813764531642,0.12026921001163635,-19.584265499837944,13.130984868242795,0,1015.619609375
2026-05-01 16:12:57.686,TRUENORTH ACTIVE,52.198135,0.1202651,56.599998474121094,52.19813764531642,0.12026921001163635,-19.57566451327981,13.149245445910234,0,1015.584609375
2026-05-01 16:12:58.824,TRUENORTH ACTIVE,52.198135,0.1202651,56.599998474121094,52.19813764531642,0.12026921001163635,-19.574265424939227,13.167516930355296,0,1015.603359375
2026-05-01 16:12:59.971,TRUENORTH ACTIVE,52.198135,0.1202651,56.599998474121094,52.19813764531642,0.12026921001163635,-19.7058621343558,13.185682254097255,0,1015.915625
2026-05-01 16:13:01.121,TRUENORTH ACTIVE,52.198135,0.1202651,56.599998474121094,52.19813764531642,0.12026921001163635,-19.770881633631017,13.20401382039598,0,1015.72953125
2026-05-01 16:13:02.265,TRUENORTH ACTIVE,52.198135,0.1202651,56.599998474121094,52.19813764531642,0.12026921001163635,-19.837254447715225,13.2207361169966,0,1015.68015625
2026-05-01 16:13:03.406,TRUENORTH ACTIVE,52.198135,0.1202651,56.599998474121094,52.19813764531642,0.12026921001163635,-19.919550303289995,13.234279114978365,0,1015.633515625
2026-05-01 16:13:04.548,TRUENORTH ACTIVE,52.198135,0.1202651,56.599998474121094,52.19813764531642,0.12026921001163635,-19.94928243023681,13.245223152753228,0,1015.600078125
2026-05-01 16:13:05.700,TRUENORTH ACTIVE,52.198135,0.1202651,56.599998474121094,52.19813764531642,0.12026921001163635,-20.011751010507794,13.25145460664531,0,1015.597265625
2026-05-01 16:13:06.831,TRUENORTH ACTIVE,52.198135,0.1202651,56.599998474121094,52.19813764531642,0.12026921001163635,-19.79669148362124,13.25055185101314,0,1015.41578125
2026-05-01 16:13:07.972,TRUENORTH ACTIVE,52.198135,0.1202651,56.599998474121094,52.19813764531642,0.12026921001163635,-19.92397040122368,13.251702979131258,0,1016.073359375
2026-05-01 16:13:09.102,TRUENORTH ACTIVE,52.198135,0.1202651,56.599998474121094,52.19813764531642,0.12026921001163635,-19.81035342529894,13.25251718539095,0,1015.580859375
2026-05-01 16:13:10.247,TRUENORTH ACTIVE,52.198135,0.1202651,56.599998474121094,52.19813764531642,0.12026921001163635,-19.908985008319284,13.248684712124883,0,1016.00890625
2026-05-01 16:13:11.414,TRUENORTH ACTIVE,52.198135,0.1202651,56.599998474121094,52.19813764531642,0.12026921001163635,-20.03881365758855,13.243078918647342,0,1015.5075
2026-05-01 16:13:12.564,TRUENORTH ACTIVE,52.198135,0.1202651,56.599998474121094,52.19813764531642,0.12026921001163635,-19.994387177357762,13.23742320656869,0,1015.1315625
2026-05-01 16:13:13.738,TRUENORTH ACTIVE,52.198135,0.1202651,56.599998474121094,52.19813764531642,0.12026921001163635,-19.96970480256543,13.233519722124397,0,1015.350859375
2026-05-01 16:13:14.896,TRUENORTH ACTIVE,52.198135,0.1202651,56.599998474121094,52.19813764531642,0.12026921001163635,-19.917750835799065,13.231595756640258,0,1015.928203125
2026-05-01 16:13:16.063,TRUENORTH ACTIVE,52.198135,0.1202651,56.599998474121094,52.19813764531642,0.12026921001163635,-19.848797999940835,13.231826547863577,0,1015.615
2026-05-01 16:13:17.223,TRUENORTH ACTIVE,52.198135,0.1202651,56.599998474121094,52.19813764531642,0.12026921001163635,-19.858004187481864,13.233678271380771,0,1015.015
2026-05-01 16:13:18.362,TRUENORTH ACTIVE,52.198135,0.1202651,56.599998474121094,52.19813764531642,0.12026921001163635,-19.791847368513245,13.23744102682454,0,1015.390234375
2026-05-01 16:13:19.507,TRUENORTH ACTIVE,52.198135,0.1202651,56.599998474121094,52.19813764531642,0.12026921001163635,-19.79288652118967,13.242819832052282,0,1015.7946875
2026-05-01 16:13:20.662,TRUENORTH ACTIVE,52.198135,0.1202651,56.599998474121094,52.19813764531642,0.12026921001163635,-19.709976301164485,13.248671808787611,0,1015.40171875
2026-05-01 16:13:21.815,TRUENORTH ACTIVE,52.198135,0.1202651,56.599998474121094,52.19813764531642,0.12026921001163635,-19.723769472319713,13.25423963820673,0,1015.90953125
2026-05-01 16:13:22.961,TRUENORTH ACTIVE,52.198135,0.1202651,56.599998474121094,52.19813764531642,0.12026921001163635,-19.82788794507622,13.261459290173777,0,1015.42734375
2026-05-01 16:13:24.102,TRUENORTH ACTIVE,52.198135,0.1202651,56.599998474121094,52.19813764531642,0.12026921001163635,-19.794578895793617,13.26980479422633,0,1015.083515625
2026-05-01 16:13:25.232,TRUENORTH ACTIVE,52.198135,0.1202651,56.599998474121094,52.19813764531642,0.12026921001163635,-19.679851911707598,13.27959896423779,0,1015.583046875
2026-05-01 16:13:26.368,TRUENORTH ACTIVE,52.198135,0.1202651,56.599998474121094,52.19813764531642,0.12026921001163635,-19.5972616368854,13.290210333469734,0,1015.077734375
2026-05-01 16:13:27.504,TRUENORTH ACTIVE,52.198135,0.1202651,56.599998474121094,52.19813764531642,0.12026921001163635,-19.501379549689247,13.301469296048422,0,1015.157578125
2026-05-01 16:13:28.649,TRUENORTH ACTIVE,52.198135,0.1202651,56.599998474121094,52.19813764531642,0.12026921001163635,-19.5224110506416,13.312930179710179,0,1015.625703125
2026-05-01 16:13:29.787,TRUENORTH ACTIVE,52.198135,0.1202651,56.599998474121094,52.19813764531642,0.12026921001163635,-19.572042463527158,13.324544495972388,0,1016.739140625
2026-05-01 16:13:30.933,TRUENORTH ACTIVE,52.198135,0.1202651,56.599998474121094,52.19813764531642,0.12026921001163635,-19.689140920779085,13.33667859995923,0,1016.34796875
2026-05-01 16:13:32.782,TRUENORTH ACTIVE,52.198135,0.1202651,56.599998474121094,52.19813764531642,0.12026921001163635,-19.42203107580295,13.349270771718174,0,1015.208671875
2026-05-01 16:13:34.354,TRUENORTH ACTIVE,52.198135,0.1202651,56.599998474121094,52.19813764531642,0.12026921001163635,-19.282964187710164,13.360598218497296,0,1015.516015625
2026-05-01 16:13:35.937,TRUENORTH ACTIVE,52.198135,0.1202651,56.599998474121094,52.19813764531642,0.12026921001163635,-19.289846507885294,13.366810435032212,0,1015.654609375
2026-05-01 16:13:37.467,TRUENORTH ACTIVE,52.198135,0.1202651,56.599998474121094,52.19813764531642,0.12026921001163635,-19.39172625898962,13.370292166741802,0,1015.8565625
2026-05-01 16:13:38.985,TRUENORTH ACTIVE,52.198135,0.1202651,56.599998474121094,52.19813764531642,0.12026921001163635,-19.739214672773663,13.372697577797855,0,1017.645859375
2026-05-01 16:13:40.502,TRUENORTH ACTIVE,52.198135,0.1202651,56.599998474121094,52.19813764531642,0.12026921001163635,-19.83019196592454,13.368518279219002,0,1016.516171875
2026-05-01 16:13:42.017,TRUENORTH ACTIVE,52.198135,0.1202651,56.599998474121094,52.19813764531642,0.12026921001163635,-19.689463936574576,13.361860982001382,0,1014.639921875
2026-05-01 16:13:43.483,TRUENORTH ACTIVE,52.198135,0.1202651,56.599998474121094,52.19813764531642,0.12026921001163635,-19.54523463926633,13.355939133963206,0,1017.1196875
2026-05-01 16:13:45.060,TRUENORTH ACTIVE,52.198135,0.1202651,56.599998474121094,52.19813764531642,0.12026921001163635,-18.6036301661126,13.352992579966967,0,1014.790234375
2026-05-01 16:13:46.612,TRUENORTH ACTIVE,52.198135,0.1202651,56.599998474121094,52.19813764531642,0.12026921001163635,-18.27292478803635,13.351800353151223,0,1014.920234375
2026-05-01 16:13:48.095,TRUENORTH ACTIVE,52.198135,0.1202651,56.599998474121094,52.19813764531642,0.12026921001163635,-17.950274069708087,13.351913419391611,0,1015.06625
2026-05-01 16:13:49.458,TRUENORTH ACTIVE,52.198135,0.1202651,56.599998474121094,52.19813764531642,0.12026921001163635,-17.740521486597892,13.353391624161254,0,1015.235078125
2026-05-01 16:13:50.834,TRUENORTH ACTIVE,52.198135,0.1202651,56.599998474121094,52.19813764531642,0.12026921001163635,-17.659851178621405,13.356366124343763,0,1015.421484375
2026-05-01 16:13:52.216,TRUENORTH ACTIVE,52.198135,0.1202651,56.599998474121094,52.19813764531642,0.12026921001163635,-17.528328178611403,13.360809426240102,0,1015.01890625
2026-05-01 16:13:53.633,TRUENORTH ACTIVE,52.198135,0.1202651,56.599998474121094,52.19813764531642,0.12026921001163635,-17.50421951097035,13.366192593324774,0,1015.47421875
2026-05-01 16:13:54.996,TRUENORTH ACTIVE,52.198135,0.1202651,56.599998474121094,52.19813764531642,0.12026921001163635,-17.296894405265423,13.372598816189168,0,1014.90984375
2026-05-01 16:13:56.315,TRUENORTH ACTIVE,52.198135,0.1202651,56.599998474121094,52.19813764531642,0.12026921001163635,-17.024319837054474,13.379786592195506,0,1015.170625
2026-05-01 16:13:57.638,TRUENORTH ACTIVE,52.198135,0.1202651,56.599998474121094,52.19813764531642,0.12026921001163635,-16.93038498813731,13.387596850394914,0,1015.1765625
2026-05-01 16:13:58.993,TRUENORTH ACTIVE,52.198135,0.1202651,56.599998474121094,52.19813764531642,0.12026921001163635,-16.9701821473363,13.397086592628643,0,1015.477265625
2026-05-01 16:14:00.392,TRUENORTH ACTIVE,52.198135,0.1202651,56.599998474121094,52.19813764531642,0.12026921001163635,-17.04309488392585,13.407343092045767,0,1014.819453125
2026-05-01 16:14:01.723,TRUENORTH ACTIVE,52.198135,0.1202651,56.599998474121094,52.19813764531642,0.12026921001163635,-16.816673332029588,13.417403551235385,0,1015.129375
2026-05-01 16:14:03.071,TRUENORTH ACTIVE,52.198135,0.1202651,56.599998474121094,52.19813764531642,0.12026921001163635,-16.73387821654547,13.426831966683261,0,1015.18421875
2026-05-01 16:14:04.416,TRUENORTH ACTIVE,52.198135,0.1202651,56.599998474121094,52.19813764531642,0.12026921001163635,-16.817259692960413,13.434294423152014,0,1015.26625
2026-05-01 16:14:05.877,TRUENORTH ACTIVE,52.198135,0.1202651,56.599998474121094,52.19813764531642,0.12026921001163635,-16.723541376196163,13.439902403399529,0,1015.198984375
2026-05-01 16:14:07.356,TRUENORTH ACTIVE,52.198135,0.1202651,56.599998474121094,52.19813764531642,0.12026921001163635,-16.7129950909956,13.446649496667387,0,1015.34328125
2026-05-01 16:14:08.873,TRUENORTH ACTIVE,52.198135,0.1202651,56.599998474121094,52.19813764531642,0.12026921001163635,-16.713228050811225,13.450573276947313,0,1015.23921875
2026-05-01 16:14:10.217,TRUENORTH ACTIVE,52.198135,0.1202651,56.599998474121094,52.19813764531642,0.12026921001163635,-17.96456797035285,13.45345208735586,0,1014.439609375
2026-05-01 16:14:11.636,TRUENORTH ACTIVE,52.198135,0.1202651,56.599998474121094,52.19813764531642,0.12026921001163635,-17.337298696224966,13.453997065887943,0,1016.24625
2026-05-01 16:14:13.161,TRUENORTH ACTIVE,52.198135,0.1202651,56.599998474121094,52.19813764531642,0.12026921001163635,-16.725062893312604,13.449990467690446,0,1014.89875
2026-05-01 16:14:14.639,TRUENORTH ACTIVE,52.198135,0.1202651,56.599998474121094,52.19813764531642,0.12026921001163635,-16.583651699863562,13.444250116104882,0,1015.2778125
2026-05-01 16:14:16.129,TRUENORTH ACTIVE,52.198135,0.1202651,56.599998474121094,52.19813764531642,0.12026921001163635,-16.552318108955962,13.440757037843273,0,1015.4078125
2026-05-01 16:14:17.636,TRUENORTH ACTIVE,52.198135,0.1202651,56.599998474121094,52.19813764531642,0.12026921001163635,-16.527184645850365,13.440432784519666,0,1015.167578125
2026-05-01 16:14:19.119,TRUENORTH ACTIVE,52.198135,0.1202651,56.599998474121094,52.19813764531642,0.12026921001163635,-16.513021516896004,13.442539046824438,0,1015.240703125
2026-05-01 16:14:20.557,TRUENORTH ACTIVE,52.198135,0.1202651,56.599998474121094,52.19813764531642,0.12026921001163635,-16.51494843772006,13.446566515113426,0,1015.25109375
2026-05-01 16:14:22.054,TRUENORTH ACTIVE,52.198135,0.1202651,56.599998474121094,52.19813764531642,0.12026921001163635,-16.52626941671165,13.452100275686742,0,1015.249453125
2026-05-01 16:14:23.511,TRUENORTH ACTIVE,52.198135,0.1202651,56.599998474121094,52.19813764531642,0.12026921001163635,-16.52239372436685,13.458838948855782,0,1015.2834375
2026-05-01 16:14:24.949,TRUENORTH ACTIVE,52.198135,0.1202651,56.599998474121094,52.19813764531642,0.12026921001163635,-16.551693643477062,13.466797028543299,0,1015.23734375
2026-05-01 16:14:26.471,TRUENORTH ACTIVE,52.198135,0.1202651,56.599998474121094,52.19813764531642,0.12026921001163635,-16.544605257491526,13.475680673861422,0,1015.209296875
2026-05-01 16:14:27.961,TRUENORTH ACTIVE,52.198135,0.1202651,56.599998474121094,52.19813764531642,0.12026921001163635,-16.54555787828461,13.48526950136996,0,1015.2646875
2026-05-01 16:14:29.461,TRUENORTH ACTIVE,52.198135,0.1202651,56.599998474121094,52.19813764531642,0.12026921001163635,-16.55830959083035,13.495425314420386,0,1015.24484375
2026-05-01 16:14:30.895,TRUENORTH ACTIVE,52.198135,0.1202651,56.599998474121094,52.19813764531642,0.12026921001163635,-16.57976987657856,13.506070610001286,0,1015.287109375
2026-05-01 16:14:32.404,TRUENORTH ACTIVE,52.198135,0.1202651,56.599998474121094,52.19813764531642,0.12026921001163635,-16.62420589826032,13.51716512523342,0,1015.289296875
2026-05-01 16:14:34.040,TRUENORTH ACTIVE,52.198135,0.1202651,56.599998474121094,52.19813764531642,0.12026921001163635,-16.664372687812463,13.528680939828144,0,1015.289296875
2026-05-01 16:14:35.597,TRUENORTH ACTIVE,52.198135,0.1202651,56.599998474121094,52.19813764531642,0.12026921001163635,-16.699766946678377,13.54058263344732,0,1015.289296875
2026-05-01 16:14:37.256,TRUENORTH ACTIVE,52.198135,0.1202651,56.599998474121094,52.19813764531642,0.12026921001163635,-16.730955736587532,13.552879151582783,0,1015.289296875
2026-05-01 16:14:38.858,TRUENORTH ACTIVE,52.198135,0.1202651,56.599998474121094,52.19813764531642,0.12026921001163635,-16.758438742226467,13.56558954923462,0,1015.289296875
2026-05-01 16:14:40.391,TRUENORTH ACTIVE,52.198135,0.1202651,56.599998474121094,52.19813764531642,0.12026921001163635,-16.78265627683263,13.578724567208232,0,1015.289296875
2026-05-01 16:14:41.959,TRUENORTH ACTIVE,52.198135,0.1202651,56.599998474121094,52.19813764531642,0.12026921001163635,-16.803996336581047,13.59228151571545,0,1015.289296875
2026-05-01 16:14:43.515,TRUENORTH ACTIVE,52.198135,0.1202651,56.599998474121094,52.19813764531642,0.12026921001163635,-16.822800816783996,13.606245787663427,0,1015.289296875
2026-05-01 16:14:45.093,TRUENORTH ACTIVE,52.198135,0.1202651,56.599998474121094,52.19813764531642,0.12026921001163635,-16.83937098949541,13.620594514681596,0,1015.289296875
2026-05-01 16:14:46.636,TRUENORTH ACTIVE,52.198135,0.1202651,56.599998474121094,52.19813764531642,0.12026921001163635,-16.853972330278182,13.635300157635372,0,1015.289296875
2026-05-01 16:14:48.198,TRUENORTH ACTIVE,52.198135,0.1202651,56.599998474121094,52.19813764531642,0.12026921001163635,-16.866838771465464,13.6503332652299,0,1015.289296875
2026-05-01 16:14:49.889,TRUENORTH ACTIVE,52.198135,0.1202651,56.599998474121094,52.19813764531642,0.12026921001163635,-16.878176450058742,13.665664327214982,0,1015.289296875
2026-05-01 16:14:51.425,TRUENORTH ACTIVE,52.198135,0.1202651,56.599998474121094,52.19813764531642,0.12026921001163635,-16.88816701030871,13.68126489775587,0,1015.289296875
2026-05-01 16:14:53.124,TRUENORTH ACTIVE,52.198135,0.1202651,56.599998474121094,52.19813764531642,0.12026921001163635,-16.896970513890793,13.697108205457232,0,1015.289296875
2026-05-01 16:14:54.704,TRUENORTH ACTIVE,52.198135,0.1202651,56.599998474121094,52.19813764531642,0.12026921001163635,-16.904728004299795,13.713169431316093,0,1015.289296875
2026-05-01 16:14:56.239,TRUENORTH ACTIVE,52.198135,0.1202651,56.599998474121094,52.19813764531642,0.12026921001163635,-16.911563766548852,13.72942578504744,0,1015.289296875
2026-05-01 16:14:57.867,TRUENORTH ACTIVE,52.198135,0.1202651,56.599998474121094,52.19813764531642,0.12026921001163635,-16.91758731837578,13.74585646609382,0,1015.289296875
2026-05-01 16:14:59.544,TRUENORTH ACTIVE,52.198135,0.1202651,56.599998474121094,52.19813764531642,0.12026921001163635,-16.9228951648587,13.76244256336142,0,1015.289296875
2026-05-01 16:15:01.110,TRUENORTH ACTIVE,52.198135,0.1202651,56.599998474121094,52.19813764531642,0.12026921001163635,-16.92757234455197,13.779166926135042,0,1015.289296875
2026-05-01 16:15:02.450,TRUENORTH ACTIVE,52.198135,0.1202651,56.599998474121094,52.19813764531642,0.12026921001163635,-16.931693791913627,13.796014024948777,0,1015.289296875
2026-05-01 16:15:03.970,TRUENORTH ACTIVE,52.198135,0.1202651,56.599998474121094,52.19813764531642,0.12026921001163635,-16.935325537852183,13.81296981284684,0,1015.289296875
2026-05-01 16:15:05.334,TRUENORTH ACTIVE,52.198135,0.1202651,56.599998474121094,52.19813764531642,0.12026921001163635,-16.93852576762702,13.830021592524249,0,1015.289296875
2026-05-01 16:15:06.833,TRUENORTH ACTIVE,52.198135,0.1202651,56.599998474121094,52.19813764531642,0.12026921001163635,-16.94134575305139,13.847157891976828,0,1015.289296875
2026-05-01 16:15:08.437,TRUENORTH ACTIVE,52.198135,0.1202651,56.599998474121094,52.19813764531642,0.12026921001163635,-16.94383067393307,13.864368349676367,0,1015.289296875
2026-05-01 16:15:10.060,TRUENORTH ACTIVE,52.198135,0.1202651,56.599998474121094,52.19813764531642,0.12026921001163635,-16.946020341913226,13.88164360940277,0,1015.289296875
2026-05-01 16:15:11.608,TRUENORTH ACTIVE,52.198135,0.1202651,56.599998474121094,52.19813764531642,0.12026921001163635,-16.947949838300257,13.898975224401552,0,1015.289296875
2026-05-01 16:15:13.246,TRUENORTH ACTIVE,52.198135,0.1202651,56.599998474121094,52.19813764531642,0.12026921001163635,-16.94965007611775,13.916355570309838,0,1015.289296875
2026-05-01 16:15:14.908,TRUENORTH ACTIVE,52.198135,0.1202651,56.599998474121094,52.19813764531642,0.12026921001163635,-16.95114829537094,13.933777766201215,0,1015.289296875
2026-05-01 16:15:16.515,TRUENORTH ACTIVE,52.198135,0.1202651,56.599998474121094,52.19813764531642,0.12026921001163635,-16.95246849946682,13.95123560307944,0,1015.289296875
2026-05-01 16:15:18.103,TRUENORTH ACTIVE,52.198135,0.1202651,56.599998474121094,52.19813764531642,0.12026921001163635,-16.953631839779714,13.96872347916815,0,1015.289296875
2026-05-01 16:15:19.695,TRUENORTH ACTIVE,52.198135,0.1202651,56.599998474121094,52.19813764531642,0.12026921001163635,-16.954656954523582,13.98623634137981,0,1015.289296875
2026-05-01 16:15:21.357,TRUENORTH ACTIVE,52.198135,0.1202651,56.599998474121094,52.19813764531642,0.12026921001163635,-16.95556026736029,14.003769632391053,0,1015.289296875
2026-05-01 16:15:22.866,TRUENORTH ACTIVE,52.198135,0.1202651,56.599998474121094,52.19813764531642,0.12026921001163635,-16.956356250527865,14.021319242797821,0,1015.289296875
2026-05-01 16:15:24.527,TRUENORTH ACTIVE,52.198135,0.1202651,56.599998474121094,52.19813764531642,0.12026921001163635,-16.957057656704468,14.038881467869235,0,1015.289296875
2026-05-01 16:15:26.148,TRUENORTH ACTIVE,52.198135,0.1202651,56.599998474121094,52.19813764531642,0.12026921001163635,-16.957675723322726,14.056452968462368,0,1015.289296875
2026-05-01 16:15:27.651,TRUENORTH ACTIVE,52.198135,0.1202651,56.599998474121094,52.19813764531642,0.12026921001163635,-16.958220352607942,14.074030735700354,0,1015.289296875
2026-05-01 16:15:29.240,TRUENORTH ACTIVE,52.198135,0.1202651,56.599998474121094,52.19813764531642,0.12026921001163635,-16.95870027022451,14.091612059053412,0,1015.289296875
2026-05-01 16:15:30.834,TRUENORTH ACTIVE,52.198135,0.1202651,56.599998474121094,52.19813764531642,0.12026921001163635,-16.959123165072324,14.109194497496306,0,1015.289296875
2026-05-01 16:15:32.352,TRUENORTH ACTIVE,52.198135,0.1202651,56.599998474121094,52.19813764531642,0.12026921001163635,-16.959495812472905,14.126775853446762,0,1015.289296875
2026-05-01 16:15:33.975,TRUENORTH ACTIVE,52.198135,0.1202651,56.599998474121094,52.19813764531642,0.12026921001163635,-16.959824182718798,14.144354149217456,0,1015.289296875
2026-05-01 16:15:35.641,TRUENORTH ACTIVE,52.198135,0.1202651,56.599998474121094,52.19813764531642,0.12026921001163635,-16.96011353672534,14.161927605739756,0,1015.289296875
2026-05-01 16:15:37.219,TRUENORTH ACTIVE,52.198135,0.1202651,56.599998474121094,52.19813764531642,0.12026921001163635,-16.960368510317352,14.179494623340485,0,1015.289296875
2026-05-01 16:15:38.794,TRUENORTH ACTIVE,52.198135,0.1202651,56.599998474121094,52.19813764531642,0.12026921001163635,-16.960593188501004,14.197053764374019,0,1015.289296875
2026-05-01 16:15:40.384,TRUENORTH ACTIVE,52.198135,0.1202651,56.599998474121094,52.19813764531642,0.12026921001163635,-16.96079117091092,14.214603737530894,0,1015.289296875
2026-05-01 16:15:41.969,TRUENORTH ACTIVE,52.198135,0.1202651,56.599998474121094,52.19813764531642,0.12026921001163635,-16.96096562948092,14.232143383661368,0,1015.289296875
2026-05-01 16:15:43.479,TRUENORTH ACTIVE,52.198135,0.1202651,56.599998474121094,52.19813764531642,0.12026921001163635,-16.9611193592626,14.249671662967843,0,1015.289296875
2026-05-01 16:15:45.141,TRUENORTH ACTIVE,52.198135,0.1202651,56.599998474121094,52.19813764531642,0.12026921001163635,-16.96125482320554,14.267187643434143,0,1015.289296875
2026-05-01 16:15:46.779,TRUENORTH ACTIVE,52.198135,0.1202651,56.599998474121094,52.19813764531642,0.12026921001163635,-16.961374191617026,14.284690490372332,0,1015.289296875
2026-05-01 16:15:48.304,TRUENORTH ACTIVE,52.198135,0.1202651,56.599998474121094,52.19813764531642,0.12026921001163635,-16.96147937693314,14.302179456979227,0,1015.289296875
2026-05-01 16:15:49.907,TRUENORTH ACTIVE,52.198135,0.1202651,56.599998474121094,52.19813764531642,0.12026921001163635,-16.96157206435847,14.319653875805198,0,1015.289296875
2026-05-01 16:15:51.481,TRUENORTH ACTIVE,52.198135,0.1202651,56.599998474121094,52.19813764531642,0.12026921001163635,-16.961653738865255,14.337113151047177,0,1015.289296875
2026-05-01 16:15:53.020,TRUENORTH ACTIVE,52.198135,0.1202651,56.599998474121094,52.19813764531642,0.12026921001163635,-16.96172570898456,14.35455675158632,0,1015.289296875
2026-05-01 16:15:54.643,TRUENORTH ACTIVE,52.198135,0.1202651,56.599998474121094,52.19813764531642,0.12026921001163635,-16.961789127770622,14.371984204698435,0,1015.289296875
2026-05-01 16:15:56.335,TRUENORTH ACTIVE,52.198135,0.1202651,56.599998474121094,52.19813764531642,0.12026921001163635,-16.961845011274267,14.389395090372206,0,1015.289296875
2026-05-01 16:15:57.943,TRUENORTH ACTIVE,52.198135,0.1202651,56.599998474121094,52.19813764531642,0.12026921001163635,-16.96189425482141,14.406789036176532,0,1015.289296875
2026-05-01 16:15:59.472,TRUENORTH ACTIVE,52.198135,0.1202651,56.599998474121094,52.19813764531642,0.12026921001163635,-16.961937647357242,14.42416571262395,0,1015.289296875
2026-05-01 16:16:01.126,TRUENORTH ACTIVE,52.198135,0.1202651,56.599998474121094,52.19813764531642,0.12026921001163635,-16.961975884086225,14.441524828982221,0,1015.289296875
2026-05-01 16:16:02.485,TRUENORTH ACTIVE,52.198135,0.1202651,56.599998474121094,52.19813764531642,0.12026921001163635,-16.96200957761012,14.45886612949081,0,1015.289296875
2026-05-01 16:16:03.899,TRUENORTH ACTIVE,52.198135,0.1202651,56.599998474121094,52.19813764531642,0.12026921001163635,-16.96203926774269,14.47618938994313,0,1015.289296875
2026-05-01 16:16:05.529,TRUENORTH ACTIVE,52.198135,0.1202651,56.599998474121094,52.19813764531642,0.12026921001163635,-16.962065430158194,14.493494414599235,0,1015.289296875
2026-05-01 16:16:07.109,TRUENORTH ACTIVE,52.198135,0.1202651,56.599998474121094,52.19813764531642,0.12026921001163635,-16.962088484012327,14.510781033397036,0,1015.289296875
2026-05-01 16:16:08.619,TRUENORTH ACTIVE,52.198135,0.1202651,56.599998474121094,52.19813764531642,0.12026921001163635,-16.96210879865759,14.528049099433195,0,1015.289296875
2026-05-01 16:16:10.256,TRUENORTH ACTIVE,52.198135,0.1202651,56.599998474121094,52.19813764531642,0.12026921001163635,-16.96212669956083,14.545298486687658,0,1015.289296875
2026-05-01 16:16:11.885,TRUENORTH ACTIVE,52.198135,0.1202651,56.599998474121094,52.19813764531642,0.12026921001163635,-16.962142473517623,14.562529087968276,0,1015.289296875
2026-05-01 16:16:13.497,TRUENORTH ACTIVE,52.198135,0.1202651,56.599998474121094,52.19813764531642,0.12026921001163635,-16.962156373247137,14.579740813054256,0,1015.289296875
2026-05-01 16:16:15.087,TRUENORTH ACTIVE,52.198135,0.1202651,56.599998474121094,52.19813764531642,0.12026921001163635,-16.96216862144098,14.596933587019238,0,1015.289296875
2026-05-01 16:16:16.748,TRUENORTH ACTIVE,52.198135,0.1202651,56.599998474121094,52.19813764531642,0.12026921001163635,-16.962179414331043,14.614107348716633,0,1015.289296875
2026-05-01 16:16:18.370,TRUENORTH ACTIVE,52.198135,0.1202651,56.599998474121094,52.19813764531642,0.12026921001163635,-16.96218892483335,14.63126204941155,0,1015.289296875
2026-05-01 16:16:19.676,TRUENORTH ACTIVE,52.198135,0.1202651,56.599998474121094,52.19813764531642,0.12026921001163635,-16.96219730531843,14.648397651545158,0,1015.289296875
2026-05-01 16:16:21.283,TRUENORTH ACTIVE,52.198135,0.1202651,56.599998474121094,52.19813764531642,0.12026921001163635,-16.962204690052477,14.665514127618668,0,1015.289296875
2026-05-01 16:16:22.921,TRUENORTH ACTIVE,52.198135,0.1202651,56.599998474121094,52.19813764531642,0.12026921001163635,-16.96221119734847,14.682611459185386,0,1015.289296875
2026-05-01 16:16:24.439,TRUENORTH ACTIVE,52.198135,0.1202651,56.599998474121094,52.19813764531642,0.12026921001163635,-16.962216931461676,14.69968963594041,0,1015.289296875
2026-05-01 16:16:26.065,TRUENORTH ACTIVE,52.198135,0.1202651,56.599998474121094,52.19813764531642,0.12026921001163635,-16.962221984260008,14.716748654898517,0,1015.289296875
2026-05-01 16:16:27.731,TRUENORTH ACTIVE,52.198135,0.1202651,56.599998474121094,52.19813764531642,0.12026921001163635,-16.962226436695826,14.733788519651712,0,1015.289296875
2026-05-01 16:16:29.220,TRUENORTH ACTIVE,52.198135,0.1202651,56.599998474121094,52.19813764531642,0.12026921001163635,-16.962230360102886,14.750809239698777,0,1015.289296875
2026-05-01 16:16:30.693,TRUENORTH ACTIVE,52.198135,0.1202651,56.599998474121094,52.19813764531642,0.12026921001163635,-16.962233817339246,14.76781082983982,0,1015.289296875
2026-05-01 16:16:32.354,TRUENORTH ACTIVE,52.198135,0.1202651,56.599998474121094,52.19813764531642,0.12026921001163635,-16.96223686379429,14.784793309629583,0,1015.289296875
2026-05-01 16:16:34.015,TRUENORTH ACTIVE,52.198135,0.1202651,56.599998474121094,52.19813764531642,0.12026921001163635,-16.962239548276155,14.801756702883788,0,1015.289296875
2026-05-01 16:16:35.398,TRUENORTH ACTIVE,52.198135,0.1202651,56.599998474121094,52.19813764531642,0.12026921001163635,-16.96224191379372,14.818701037233435,0,1015.289296875
2026-05-01 16:16:36.641,TRUENORTH ACTIVE,52.198135,0.1202651,56.599998474121094,52.19813764531642,0.12026921001163635,-16.962243998245633,14.83562634372241,0,1015.289296875
2026-05-01 16:16:37.908,TRUENORTH ACTIVE,52.198135,0.1202651,56.599998474121094,52.19813764531642,0.12026921001163635,-16.962245835027495,14.852532655864822,0,1015.289296875
2026-05-01 16:16:38.992,TRUENORTH ACTIVE,52.198135,0.1202651,56.599998474121094,52.19813764531642,0.12026921001163635,-17.025397249672686,14.869382355665259,0,1015.497578125
2026-05-01 16:16:40.076,TRUENORTH ACTIVE,52.198135,0.1202651,56.599998474121094,52.19813764531642,0.12026921001163635,-17.07618527849295,14.884303024697445,0,1015.3309375
2026-05-01 16:16:41.233,TRUENORTH ACTIVE,52.198135,0.1202651,56.599998474121094,52.19813764531642,0.12026921001163635,-17.073971789044343,14.894935449688475,0,1015.216953125
2026-05-01 16:16:42.318,TRUENORTH ACTIVE,52.198135,0.1202651,56.599998474121094,52.19813764531642,0.12026921001163635,-17.193472876472022,14.900595068345654,0,1015.395859375
2026-05-01 16:16:43.404,TRUENORTH ACTIVE,52.198135,0.1202651,56.599998474121094,52.19813764531642,0.12026921001163635,-17.25232619865615,14.902894517435238,0,1015.3759375
2026-05-01 16:16:44.480,TRUENORTH ACTIVE,52.198135,0.1202651,56.599998474121094,52.19813764531642,0.12026921001163635,-17.297031982583334,14.90375594678536,0,1015.342578125
2026-05-01 16:16:45.586,TRUENORTH ACTIVE,52.198135,0.1202651,56.599998474121094,52.19813764531642,0.12026921001163635,-17.326246034668287,14.904674018054092,0,1015.35546875
2026-05-01 16:16:46.672,TRUENORTH ACTIVE,52.198135,0.1202651,56.599998474121094,52.19813764531642,0.12026921001163635,-17.34253832319671,14.906401695981684,0,1015.37484375
2026-05-01 16:16:47.750,TRUENORTH ACTIVE,52.198135,0.1202651,56.599998474121094,52.19813764531642,0.12026921001163635,-17.161227766115132,14.910880173563632,0,1015.171484375
2026-05-01 16:16:48.826,TRUENORTH ACTIVE,52.198135,0.1202651,56.599998474121094,52.19813764531642,0.12026921001163635,-17.09893136403726,14.916648961081965,0,1015.330390625
2026-05-01 16:16:49.916,TRUENORTH ACTIVE,52.198135,0.1202651,56.599998474121094,52.19813764531642,0.12026921001163635,-17.114429058430957,14.9196332473564,0,1015.35859375
2026-05-01 16:16:51.005,TRUENORTH ACTIVE,52.198135,0.1202651,56.599998474121094,52.19813764531642,0.12026921001163635,-17.24011321593434,14.917181240237815,0,1015.45921875
2026-05-01 16:16:52.104,TRUENORTH ACTIVE,52.198135,0.1202651,56.599998474121094,52.19813764531642,0.12026921001163635,-17.32120247410147,14.917854253398886,0,1015.349609375
2026-05-01 16:16:53.190,TRUENORTH ACTIVE,52.198135,0.1202651,56.599998474121094,52.19813764531642,0.12026921001163635,-17.321109051161052,14.921688729012123,0,1015.33046875
2026-05-01 16:16:54.285,TRUENORTH ACTIVE,52.198135,0.1202651,56.599998474121094,52.19813764531642,0.12026921001163635,-17.309374816673827,14.92783104488441,0,1015.318125
2026-05-01 16:16:55.378,TRUENORTH ACTIVE,52.198135,0.1202651,56.599998474121094,52.19813764531642,0.12026921001163635,-17.29307128538334,14.935594569904998,0,1015.31546875
2026-05-01 16:16:56.476,TRUENORTH ACTIVE,52.198135,0.1202651,56.599998474121094,52.19813764531642,0.12026921001163635,-17.27515624085682,14.94456976858419,0,1015.311796875
2026-05-01 16:16:57.572,TRUENORTH ACTIVE,52.198135,0.1202651,56.599998474121094,52.19813764531642,0.12026921001163635,-17.27757513111967,14.954451536185,0,1015.290390625
2026-05-01 16:16:58.660,TRUENORTH ACTIVE,52.198135,0.1202651,56.599998474121094,52.19813764531642,0.12026921001163635,-17.293443370527626,14.965033754284542,0,1015.253046875
2026-05-01 16:16:59.944,GPS LOCK,52.2113849,0.1157499,58.39999771118164,52.21053440698373,0.11599334609505715,-17.262403878611465,3.7598159572071825,0,1015.3265625
2026-05-01 16:17:01.144,GPS LOCK,52.2113872,0.1157552,58.39999771118164,52.21098121602737,0.11586062036428113,-17.262519765563827,2.644795964407953,0,1015.32140625
2026-05-01 16:17:02.245,GPS LOCK,52.2113898,0.115763,58.39999771118164,52.21114281674794,0.11581327275235921,-17.25041843905141,2.1341270923139373,0,1015.310078125
2026-05-01 16:17:03.352,GPS LOCK,52.2113957,0.1157826,58.39999771118164,52.211236995061384,0.11579113089832613,-17.230908209751178,1.7960678185782795,0,1015.311015625
2026-05-01 16:17:04.447,GPS LOCK,52.211401,0.1158061,58.39999771118164,52.21133130242663,0.11578582751872922,-17.2162526331744,1.2898743787139295,0,1015.31421875
2026-05-01 16:17:05.550,GPS LOCK,52.2114051,0.1158211,58.39999771118164,52.21136556551407,0.11578673151375596,-17.197355971572943,1.104489432323023,0,1015.29671875
2026-05-01 16:17:06.672,GPS LOCK,52.211409,0.1158346,58.39999771118164,52.21139041378832,0.11579240102382198,-17.174985915288836,0.9457191772611679,0,1015.286953125
2026-05-01 16:17:07.780,GPS LOCK,52.2114129,0.1158445,58.39999771118164,52.211406973087186,0.11579740956804435,-17.146634579753385,0.8469299008420778,0,1015.28125
2026-05-01 16:17:08.908,GPS LOCK,52.2114168,0.1158534,58.39999771118164,52.211418610002674,0.11580214781919586,-17.12274334203999,0.7859113924807932,0,1015.288359375
2026-05-01 16:17:09.996,GPS LOCK,52.2114211,0.1158611,58.39999771118164,52.21142701813331,0.11580695496513944,-17.109633008778232,0.7480654165718397,0,1015.29890625
2026-05-01 16:17:11.088,GPS LOCK,52.2114259,0.1158688,58.39999771118164,52.211432933520086,0.11581311547742096,-17.09559067120837,0.7154935144769751,0,1015.2890625
2026-05-01 16:17:12.182,GPS LOCK,52.2114233,0.1158653,58.39999771118164,52.211435615004554,0.11581760122653882,-17.077730751472135,0.6960203782512632,0,1015.255625
2026-05-01 16:17:13.265,GPS LOCK,52.2114182,0.1158577,58.39999771118164,52.211435842477,0.11582202966136601,-16.997925683025564,0.6858906328094866,0,1015.158203125
2026-05-01 16:17:14.350,GPS LOCK,52.2114149,0.1158517,58.39999771118164,52.211434807088665,0.11582355363352079,-16.946254649418545,0.6901168792354901,0,1015.2834375
2026-05-01 16:17:15.448,GPS LOCK,52.2114228,0.1158599,58.70000076293945,52.2114308773077,0.11582808447764481,-16.97631679957048,0.6423483824210495,0,1015.276484375
2026-05-01 16:17:16.542,GPS LOCK,52.2114254,0.1158618,58.70000076293945,52.211430789695065,0.11582875993600916,-17.115159214069454,0.6567393955056952,0,1015.184296875
2026-05-01 16:17:17.635,GPS LOCK,52.2114214,0.1158563,58.70000076293945,52.211429707005024,0.1158298180650711,-17.05092351274143,0.6711479946877181,0,1015.3109375
2026-05-01 16:17:18.731,GPS LOCK,52.2114173,0.1158491,58.70000076293945,52.21142796133177,0.11583111431603674,-17.04243798777386,0.6861112500594175,0,1015.388203125
2026-05-01 16:17:19.821,GPS LOCK,52.2114153,0.1158443,58.70000076293945,52.21142598539412,0.11583262845429827,-16.973731636650292,0.6992085787780682,0,1015.281640625
2026-05-01 16:17:20.902,GPS LOCK,52.2114139,0.1158393,58.70000076293945,52.21142424207884,0.1158340472765506,-16.98522672554021,0.7167379016870007,0,1015.31796875
2026-05-01 16:17:22.015,GPS LOCK,52.2114121,0.1158355,58.70000076293945,52.21142260102323,0.11583538288244376,-16.9918807528338,0.7372720069380604,0,1015.298671875
2026-05-01 16:17:23.083,GPS LOCK,52.2114127,0.1158338,58.70000076293945,52.211421409068194,0.11583635995021185,-16.997504965643323,0.7648799647388911,0,1015.28609375
2026-05-01 16:17:24.171,GPS LOCK,52.2114066,0.1158221,58.70000076293945,52.21142007263435,0.11583704537788701,-17.00579821813294,0.7938078802172037,0,1015.28671875
2026-05-01 16:17:25.269,GPS LOCK,52.2114017,0.1158118,58.70000076293945,52.21141867789697,0.11583746249273788,-17.0116875877206,0.8209787636767617,0,1015.30234375
2026-05-01 16:17:26.343,GPS LOCK,52.2113985,0.1158019,58.70000076293945,52.21141760404048,0.11583754001918849,-17.00869958897669,0.8564483640935432,0,1015.294921875
2026-05-01 16:17:27.432,GPS LOCK,52.2113964,0.1157853,58.70000076293945,52.211416484656546,0.11583637391968037,-17.005662886800675,0.8403529460808544,0,1015.3
2026-05-01 16:17:28.526,GPS LOCK,52.2113971,0.1157769,58.70000076293945,52.211416331281775,0.11583533127203892,-17.00635966793966,0.8719307193682092,0,1015.291171875
2026-05-01 16:17:29.638,GPS LOCK,52.2114008,0.1157719,58.70000076293945,52.211416732368384,0.1158337070709696,-17.008495903364313,0.8997194356267649,0,1015.293125
2026-05-01 16:17:30.729,GPS LOCK,52.2114069,0.1157682,58.70000076293945,52.21141789296038,0.11583132357375822,-17.01189604876862,0.9223978418903053,0,1015.296328125
2026-05-01 16:17:31.814,GPS LOCK,52.2114106,0.1157624,58.70000076293945,52.21141972004765,0.1158281461199423,-17.01527275626321,0.9369135719752542,0,1015.303359375
2026-05-01 16:17:32.919,GPS LOCK,52.2114134,0.1157584,58.70000076293945,52.21142190788966,0.11582459049174187,-17.020232604121922,0.947684312604182,0,1015.299921875
2026-05-01 16:17:34.018,GPS LOCK,52.2114169,0.1157534,58.70000076293945,52.21142453844168,0.11582054977641995,-17.02675810458237,0.9546373247783754,0,1015.293671875
2026-05-01 16:17:35.118,GPS LOCK,52.2114212,0.1157485,58.70000076293945,52.21142762621807,0.11581603549554703,-17.033457198464326,0.9584774589087754,0,1015.296171875
2026-05-01 16:17:36.222,GPS LOCK,52.2114253,0.1157453,58.70000076293945,52.211431013444475,0.11581123400367797,-17.038497862519804,0.9601251780305007,0,1015.309296875
2026-05-01 16:17:37.318,GPS LOCK,52.2114288,0.1157425,58.70000076293945,52.21143448865983,0.11580639407536757,-17.045729719288413,0.962068984434794,0,1015.308125
2026-05-01 16:17:38.429,GPS LOCK,52.2114347,0.1157388,58.70000076293945,52.21144011080771,0.11579812160821278,-17.056072058256582,0.8861529627133337,0,1015.310390625
2026-05-01 16:17:39.528,GPS LOCK,52.2114349,0.1157377,58.70000076293945,52.211443095126775,0.11579377707100932,-17.06444556791867,0.8820043868185197,0,1015.309609375
2026-05-01 16:17:40.624,GPS LOCK,52.211435,0.1157368,58.70000076293945,52.21144561913874,0.11578989184544411,-17.072374090817235,0.8780606100385985,0,1015.31375
2026-05-01 16:17:41.725,GPS LOCK,52.2114368,0.1157364,58.70000076293945,52.21144790802383,0.11578629657583898,-17.078227936792693,0.8755837159330049,0,1015.3084375
2026-05-01 16:17:42.821,GPS LOCK,52.2114398,0.1157364,58.70000076293945,52.21145016595222,0.11578276743651299,-17.083064105904455,0.8715570166367181,0,1015.30734375
2026-05-01 16:17:43.923,GPS LOCK,52.2114432,0.1157368,58.70000076293945,52.21145242608885,0.11577930563261736,-17.082541144903196,0.867135621525542,0,1015.313203125
2026-05-01 16:17:45.031,GPS LOCK,52.2114467,0.1157372,58.70000076293945,52.211454733751694,0.11577584216253145,-17.087555421630036,0.860330061835086,0,1015.304140625
2026-05-01 16:17:46.138,GPS LOCK,52.2114502,0.1157373,58.70000076293945,52.211457099975306,0.11577235488223005,-17.09324616063588,0.8501641193761357,0,1015.31265625
2026-05-01 16:17:47.235,GPS LOCK,52.2114527,0.1157373,58.70000076293945,52.21145939439511,0.11576893086231424,-17.096234509132774,0.8371392698247394,0,1015.29984375
2026-05-01 16:17:48.337,GPS LOCK,52.2114524,0.1157366,58.70000076293945,52.211461132441535,0.11576594184139592,-17.094073841037602,0.8189397600502922,0,1015.3059375
2026-05-01 16:17:49.433,GPS LOCK,52.2114549,0.1157355,58.70000076293945,52.21146274475614,0.11576177140998674,-17.087392101367982,0.7107971209545952,0,1015.29125
2026-05-01 16:17:50.540,GPS LOCK,52.2114557,0.1157344,58.70000076293945,52.211463857171275,0.11575932129333687,-17.07838952502749,0.6944189754436019,0,1015.290390625
2026-05-01 16:17:51.628,GPS LOCK,52.2114567,0.1157337,58.70000076293945,52.21146478896513,0.11575706602286528,-17.07017138135018,0.6800414121291366,0,1015.28109375
2026-05-01 16:17:52.722,GPS LOCK,52.2114578,0.1157327,58.70000076293945,52.21146561402131,0.11575482830373472,-17.062473592057614,0.662321340289592,0,1015.297109375
2026-05-01 16:17:53.828,GPS LOCK,52.2114586,0.115731,58.70000076293945,52.21146634952787,0.1157526286148166,-17.057029295593615,0.6465365713920379,0,1015.29984375
2026-05-01 16:17:54.913,GPS LOCK,52.2114586,0.1157287,58.70000076293945,52.21146688934805,0.11575052136371639,-17.04756262040803,0.6332955383514143,0,1015.2934375
2026-05-01 16:17:56.016,GPS LOCK,52.2114585,0.1157257,58.70000076293945,52.21146729171204,0.1157484055355365,-17.041017844639455,0.6219432441071653,0,1015.29515625
2026-05-01 16:17:57.110,GPS LOCK,52.2114589,0.1157236,58.70000076293945,52.21146765313806,0.11574633001404716,-17.03583764614435,0.6147842868780456,0,1015.29671875
2026-05-01 16:17:58.201,GPS LOCK,52.2114599,0.1157209,58.70000076293945,52.21146816476644,0.11574412999579987,-17.029156754851588,0.6117874081505276,0,1015.286875
2026-05-01 16:17:59.309,GPS LOCK,52.2114612,0.1157203,58.70000076293945,52.211468293359225,0.11574111249056925,-17.02626151974879,0.5425630090949755,0,1015.292578125
2026-05-01 16:18:00.396,GPS LOCK,52.2114615,0.1157206,58.70000076293945,52.211468554852914,0.11573958987180849,-17.02397045529783,0.5453115040454329,0,1015.299921875
2026-05-01 16:18:01.478,GPS LOCK,52.2114616,0.1157188,58.70000076293945,52.2114687774004,0.11573811966112746,-17.022747080805736,0.5493302449464946,0,1015.29625
2026-05-01 16:18:02.566,GPS LOCK,52.2114616,0.1157194,58.70000076293945,52.21146883483079,0.11573693337814116,-17.023828336387847,0.5560944371785167,0,1015.298125
2026-05-01 16:18:03.666,GPS LOCK,52.2114607,0.1157189,58.70000076293945,52.2114686073726,0.11573604976060867,-17.02738826988145,0.560456817274929,0,1015.305390625
2026-05-01 16:18:04.759,GPS LOCK,52.2114598,0.1157174,58.70000076293945,52.21146822421952,0.11573529488225741,-17.033971033663672,0.5652730239175688,0,1015.3021875
2026-05-01 16:18:05.864,GPS LOCK,52.2114587,0.1157163,58.70000076293945,52.211467649852594,0.11573471201437946,-17.039530591926926,0.5695782051787267,0,1015.301875
2026-05-01 16:18:06.961,GPS LOCK,52.2114587,0.1157159,58.70000076293945,52.211467114313564,0.11573414591236272,-17.04583615849118,0.575534655595674,0,1015.311015625
2026-05-01 16:18:08.062,GPS LOCK,52.2114581,0.1157156,58.70000076293945,52.21146648947639,0.11573369663103278,-17.04810754469117,0.5809386245709881,0,1015.29984375
2026-05-01 16:18:09.160,GPS LOCK,52.2114578,0.1157153,58.70000076293945,52.211465865709094,0.11573328332466583,-17.05261486199551,0.5868877251386975,0,1015.301484375
2026-05-01 16:18:10.247,GPS LOCK,52.2114571,0.115715,58.70000076293945,52.21146517239654,0.1157329584291859,-17.061074523333183,0.5933435247512026,0,1015.315703125
2026-05-01 16:18:11.341,GPS LOCK,52.211455,0.1157147,58.70000076293945,52.21146354607903,0.11573257586591659,-17.069201582046283,0.529956296744196,0,1015.309296875
2026-05-01 16:18:12.430,GPS LOCK,52.2114545,0.1157142,58.70000076293945,52.21146271792684,0.11573241496160423,-17.07278681579091,0.5356294322917257,0,1015.3084375
2026-05-01 16:18:13.538,GPS LOCK,52.2114537,0.1157135,58.70000076293945,52.21146189088555,0.1157322466125419,-17.0848295457074,0.5417191604845681,0,1015.318515625
2026-05-01 16:18:14.630,GPS LOCK,52.2114528,0.1157127,58.70000076293945,52.21146105776567,0.11573207021414687,-17.093285458070284,0.5481791930181582,0,1015.3109375
2026-05-01 16:18:15.738,GPS LOCK,52.2114527,0.1157128,58.70000076293945,52.21146032687779,0.11573183727521404,-17.10432912652764,0.5539810178969893,0,1015.320703125
2026-05-01 16:18:16.837,GPS LOCK,52.2114523,0.1157126,58.70000076293945,52.21145964884214,0.11573157424323165,-17.11656941694607,0.5601383920235794,0,1015.325859375
2026-05-01 16:18:17.953,GPS LOCK,52.2114521,0.1157125,58.70000076293945,52.21145905188939,0.11573126290129797,-17.129537156024348,0.5666708914821595,0,1015.32796875
2026-05-01 16:18:19.060,GPS LOCK,52.2114513,0.115712,58.70000076293945,52.21145843088147,0.11573097134282705,-17.142458037247742,0.573557492056834,0,1015.32109375
2026-05-01 16:18:20.154,GPS LOCK,52.2114506,0.115711,58.70000076293945,52.21145783811533,0.11573063234630913,-17.157975370076088,0.580755888719092,0,1015.3346875
2026-05-01 16:18:21.242,GPS LOCK,52.2114498,0.1157099,58.70000076293945,52.21145725449057,0.11573025958703861,-17.181425563877536,0.5882171397926622,0,1015.33859375
2026-05-01 16:18:22.337,GPS LOCK,52.211449,0.1157082,58.70000076293945,52.21145650030654,0.11572908926661146,-17.206370337358493,0.5264097540494552,0,1015.34953125
2026-05-01 16:18:23.427,GPS LOCK,52.2114486,0.1157079,58.70000076293945,52.211456045447484,0.11572859872354437,-17.228611626062996,0.5324546101887399,0,1015.336171875
2026-05-01 16:18:24.538,GPS LOCK,52.2114478,0.1157072,58.70000076293945,52.211455549350035,0.11572813694522081,-17.248346204748437,0.5387921039454863,0,1015.3446875
2026-05-01 16:18:25.624,GPS LOCK,52.2114471,0.1157066,58.70000076293945,52.211455027543,0.11572769460549652,-17.268054938263955,0.5444878666582428,0,1015.33921875
2026-05-01 16:18:26.717,GPS LOCK,52.2114454,0.1157059,58.70000076293945,52.211454293036304,0.11572742385930401,-17.281104438902872,0.5505520134629123,0,1015.34
2026-05-01 16:18:27.821,GPS LOCK,52.2114445,0.115705,58.70000076293945,52.21145354078385,0.11572715252906488,-17.292012662441127,0.5570196285619207,0,1015.3346875
2026-05-01 16:18:28.925,GPS LOCK,52.2114438,0.1157041,58.70000076293945,52.21145281771368,0.11572684071152209,-17.296277987326118,0.5638717503534353,0,1015.326796875
2026-05-01 16:18:30.026,GPS LOCK,52.2114433,0.1157039,58.70000076293945,52.211452120541345,0.11572652054508956,-17.291847939587342,0.5710609230729319,0,1015.32046875
2026-05-01 16:18:31.106,GPS LOCK,52.2114432,0.1157043,58.70000076293945,52.21145149345086,0.1157261764748996,-17.282800098219827,0.5774391892956122,0,1015.327265625
2026-05-01 16:18:32.190,GPS LOCK,52.2114429,0.1157037,58.70000076293945,52.211450952037026,0.1157257530594178,-17.27537756669546,0.5841905766970731,0,1015.320625
2026-05-01 16:18:33.276,GPS LOCK,52.2114418,0.1157021,58.70000076293945,52.211450387891574,0.11572530042585787,-17.269362368262012,0.5901772557547338,0,1015.309765625
2026-05-01 16:18:34.381,GPS LOCK,52.2114391,0.1157001,58.70000076293945,52.211449180380036,0.11572434701188565,-17.25884093238797,0.5270669440867025,0,1015.31359375
2026-05-01 16:18:35.470,GPS LOCK,52.2114382,0.1156994,58.70000076293945,52.21144839006652,0.11572403857565765,-17.246466584672078,0.5334157686121527,0,1015.306796875
2026-05-01 16:18:36.563,GPS LOCK,52.2114375,0.1156989,58.70000076293945,52.21144761548163,0.11572371248935251,-17.23693666067498,0.5391992471272001,0,1015.3021875
2026-05-01 16:18:37.668,GPS LOCK,52.2114378,0.1156992,58.70000076293945,52.21144699655288,0.1157232843926387,-17.221565469693516,0.5453652359405122,0,1015.296484375
2026-05-01 16:18:38.766,GPS LOCK,52.2114384,0.1157002,58.70000076293945,52.21144653004223,0.11572278844691633,-17.205064305443727,0.5519281660223735,0,1015.2959375
2026-05-01 16:18:39.865,GPS LOCK,52.2114389,0.1157009,58.70000076293945,52.21144619490293,0.11572222957892862,-17.19092519586283,0.558859060782687,0,1015.313984375
2026-05-01 16:18:40.956,GPS LOCK,52.2114388,0.1157011,58.70000076293945,52.21144588710177,0.11572167477604732,-17.178604613843476,0.5650616970669619,0,1015.307109375
2026-05-01 16:18:42.045,GPS LOCK,52.2114391,0.1157017,58.70000076293945,52.211445647933864,0.11572110740287754,-17.17308265945725,0.5716533064325117,0,1015.317890625
2026-05-01 16:18:43.139,GPS LOCK,52.2114389,0.1157021,58.70000076293945,52.21144537743488,0.11572060544491082,-17.172055821525124,0.5786391481694291,0,1015.314765625
2026-05-01 16:18:44.239,GPS LOCK,52.211439,0.1157024,58.70000076293945,52.21144514390576,0.1157201032250177,-17.177357886295987,0.58485762098853,0,1015.310390625
2026-05-01 16:18:45.343,GPS LOCK,52.2114393,0.115702,58.70000076293945,52.21144493874443,0.11571890888114299,-17.17763265484833,0.5225079015997457,0,1015.31015625
2026-05-01 16:18:46.434,GPS LOCK,52.2114397,0.1157019,58.70000076293945,52.2114448981887,0.11571828824855197,-17.179003253388693,0.5289330022164915,0,1015.314453125
2026-05-01 16:18:47.532,GPS LOCK,52.2114401,0.1157023,58.70000076293945,52.211444903209305,0.115717667374617,-17.180624878000874,0.5356914537149615,0,1015.31671875
2026-05-01 16:18:48.625,GPS LOCK,52.2114403,0.1157026,58.70000076293945,52.21144491332501,0.11571707569523655,-17.186287379783032,0.5417873092160571,0,1015.310546875
2026-05-01 16:18:49.719,GPS LOCK,52.2114394,0.1157023,58.70000076293945,52.21144475155195,0.11571664225867388,-17.19322298738421,0.5501513790106689,0,1015.3165625
2026-05-01 16:18:50.809,GPS LOCK,52.2114383,0.1157009,58.70000076293945,52.21144445967484,0.11571628064625135,-17.194251099119448,0.5556325863911614,0,1015.318828125
2026-05-01 16:18:51.914,GPS LOCK,52.2114382,0.1157015,58.70000076293945,52.211444127369354,0.11571599644243138,-17.20079746112683,0.5614587047861518,0,1015.316796875
2026-05-01 16:18:53.017,GPS LOCK,52.2114385,0.115702,58.70000076293945,52.21144385137354,0.11571570313120721,-17.210162877250877,0.5681486054659789,0,1015.333359375
2026-05-01 16:18:54.114,GPS LOCK,52.2114396,0.1157035,58.70000076293945,52.21144372421295,0.11571536684931404,-17.211546700069466,0.5766852380020884,0,1015.316796875
2026-05-01 16:18:55.197,GPS LOCK,52.2114422,0.1157052,58.70000076293945,52.211444001221615,0.1157147762464932,-17.189769523257173,0.5870182504851937,0,1015.294453125
2026-05-01 16:18:56.292,GPS LOCK,52.2114435,0.1157064,58.70000076293945,52.21144439165761,0.11571416770619322,-17.16228492136535,0.6015779238063687,0,1015.293203125
2026-05-01 16:18:57.385,GPS LOCK,52.2114422,0.115706,58.70000076293945,52.21144483006138,0.11571339464742501,-17.131228803877963,0.5597921889879667,0,1015.282265625
2026-05-01 16:18:58.477,GPS LOCK,52.2114433,0.1157069,58.70000076293945,52.211444980442785,0.11571307279508923,-17.099249976693493,0.5764833997344816,0,1015.269765625
2026-05-01 16:18:59.574,GPS LOCK,52.2114451,0.1157079,58.70000076293945,52.21144531662233,0.11571262538909177,-17.057075038916178,0.5938730563914469,0,1015.256875
2026-05-01 16:19:00.669,GPS LOCK,52.2114464,0.1157088,58.70000076293945,52.21144574762298,0.1157121207782984,-17.013341106636442,0.6115513067290989,0,1015.24890625
2026-05-01 16:19:01.764,GPS LOCK,52.2114477,0.1157098,58.70000076293945,52.211446251925786,0.1157115757487552,-16.97473040990657,0.6293840165771075,0,1015.262109375
2026-05-01 16:19:02.848,GPS LOCK,52.2114506,0.1157133,58.70000076293945,52.211446891520296,0.1157109861560716,-16.951584912331207,0.6502205220607582,0,1015.273046875
2026-05-01 16:19:03.938,GPS LOCK,52.2114541,0.1157169,58.70000076293945,52.21144773033141,0.11571027879062586,-16.936826086010534,0.6714136322395028,0,1015.27953125
2026-05-01 16:19:05.026,GPS LOCK,52.2114574,0.11572,58.70000076293945,52.21144873591416,0.11570946559971225,-16.930148852527232,0.691519158669824,0,1015.2840625
2026-05-01 16:19:06.129,GPS LOCK,52.2114579,0.1157202,58.70000076293945,52.21144965914267,0.11570873243475809,-16.933004568765508,0.7102057744975826,0,1015.29703125
2026-05-01 16:19:07.222,GPS LOCK,52.2114602,0.1157224,58.70000076293945,52.21145064796042,0.1157079863310345,-16.938007828587622,0.7255634021764094,0,1015.296640625
2026-05-01 16:19:08.314,GPS LOCK,52.2114645,0.1157267,58.70000076293945,52.21145240723236,0.11570702906540735,-16.940603002030986,0.6658536508034234,0,1015.28546875
2026-05-01 16:19:09.404,GPS LOCK,52.2114667,0.1157287,58.70000076293945,52.211453542705584,0.11570639188807953,-16.941763815918453,0.6682544209854989,0,1015.2984375
2026-05-01 16:19:10.499,GPS LOCK,52.2114689,0.1157307,58.70000076293945,52.21145478442128,0.11570581935916023,-16.94908921064245,0.6619329751487878,0,1015.294296875
2026-05-01 16:19:11.597,GPS LOCK,52.2114708,0.1157328,58.70000076293945,52.21145605145711,0.11570542483960994,-16.964671484846846,0.6498648352711858,0,1015.305546875
2026-05-01 16:19:12.702,GPS LOCK,52.2114723,0.1157344,58.70000076293945,52.21145728885164,0.11570525838214107,-16.99454195773835,0.6354476299931918,0,1015.3325
2026-05-01 16:19:13.809,GPS LOCK,52.2114721,0.1157343,58.70000076293945,52.21145831343552,0.11570546721143583,-17.03123561278258,0.6192140877914649,0,1015.326875
2026-05-01 16:19:14.892,GPS LOCK,52.211473,0.1157353,58.70000076293945,52.21145926008068,0.11570589727326541,-17.05256516104783,0.6049316232588606,0,1015.31734375
2026-05-01 16:19:15.976,GPS LOCK,52.211474,0.1157364,58.70000076293945,52.2114601559023,0.11570648208179823,-17.061243180763796,0.5951195909016204,0,1015.297265625
2026-05-01 16:19:17.062,GPS LOCK,52.2114747,0.1157374,58.70000076293945,52.211460976176944,0.11570720559015267,-17.066224840228273,0.5904268493981152,0,1015.29609375
2026-05-01 16:19:18.157,GPS LOCK,52.2114755,0.1157385,58.70000076293945,52.21146175594202,0.11570798807245083,-17.06524377105852,0.5905621075995977,0,1015.30375
2026-05-01 16:19:19.263,GPS LOCK,52.2114772,0.1157405,58.70000076293945,52.2114626345937,0.11570873257465811,-17.06337604497663,0.593529978991719,0,1015.312734375
2026-05-01 16:19:20.370,GPS LOCK,52.2114819,0.1157475,58.70000076293945,52.21146447657828,0.11571053833602217,-17.05881912383944,0.529126858461601,0,1015.289765625
2026-05-01 16:19:21.457,GPS LOCK,52.2114808,0.1157468,58.70000076293945,52.211465352755,0.11571141613163852,-17.066487174555824,0.5350774901603721,0,1015.32640625
2026-05-01 16:19:22.556,GPS LOCK,52.211481,0.1157474,58.70000076293945,52.21146617737708,0.11571231200134707,-17.078992387675505,0.5422402294547815,0,1015.27578125
2026-05-01 16:19:23.664,GPS LOCK,52.2114817,0.115748,58.70000076293945,52.21146704415156,0.11571310407390349,-17.07603274481704,0.5506943549272242,0,1015.302734375
2026-05-01 16:19:24.769,GPS LOCK,52.2114819,0.1157483,58.70000076293945,52.21146788832495,0.11571387751528955,-17.072291687841254,0.5589580715967468,0,1015.30203125
2026-05-01 16:19:25.853,GPS LOCK,52.2114823,0.1157483,58.70000076293945,52.21146875857559,0.11571458342509398,-17.062719670487866,0.5670305847281958,0,1015.290625
2026-05-01 16:19:26.945,GPS LOCK,52.2114823,0.1157478,58.70000076293945,52.21146959370236,0.1157152645086767,-17.06142300829917,0.5739244409378519,0,1015.311875
2026-05-01 16:19:28.042,GPS LOCK,52.2114822,0.1157474,58.70000076293945,52.21147037364677,0.11571597977076684,-17.070258071198484,0.5789082360691333,0,1015.310546875
2026-05-01 16:19:29.130,GPS LOCK,52.2114822,0.1157473,58.70000076293945,52.211471083997495,0.11571672529785773,-17.071985673729298,0.5826746567115428,0,1015.30828125
2026-05-01 16:19:30.228,GPS LOCK,52.2114817,0.1157462,58.70000076293945,52.21147168389427,0.11571747178920808,-17.0773610565112,0.5875373782993027,0,1015.308125
2026-05-01 16:19:31.326,GPS LOCK,52.2114822,0.1157462,58.70000076293945,52.211472608617555,0.11571914880675149,-17.068747553115088,0.5242718633471163,0,1015.296640625
2026-05-01 16:19:32.418,GPS LOCK,52.2114834,0.1157481,58.70000076293945,52.21147332351726,0.11571979508263071,-17.052409304634843,0.5303668282807219,0,1015.2828125
2026-05-01 16:19:33.515,GPS LOCK,52.2114843,0.1157493,58.70000076293945,52.21147411063414,0.11572039038680886,-17.053674397056934,0.5361187541227407,0,1015.304296875
2026-05-01 16:19:34.613,GPS LOCK,52.2114848,0.1157504,58.70000076293945,52.21147486300057,0.1157210105217372,-17.051091795096927,0.5413499351638686,0,1015.29015625
2026-05-01 16:19:35.711,GPS LOCK,52.2114857,0.1157517,58.70000076293945,52.21147563698102,0.11572161149973076,-17.029805783235858,0.5470202778297666,0,1015.271953125
2026-05-01 16:19:36.806,GPS LOCK,52.2114864,0.1157531,58.70000076293945,52.21147634760416,0.1157222533309551,-17.016490646475788,0.5531031933035565,0,1015.28890625
2026-05-01 16:19:37.903,GPS LOCK,52.2114866,0.1157537,58.70000076293945,52.211476915885164,0.11572299364253302,-17.030055182228125,0.559660152993605,0,1015.30578125
2026-05-01 16:19:38.998,GPS LOCK,52.2114873,0.1157549,58.70000076293945,52.211477413806946,0.11572381714866668,-17.032779305803533,0.5666520208660452,0,1015.298359375
2026-05-01 16:19:40.091,GPS LOCK,52.2114882,0.1157558,58.70000076293945,52.21147789543337,0.11572467574925832,-17.019013704012394,0.5740500405280649,0,1015.26859375
2026-05-01 16:19:41.180,GPS LOCK,52.211489,0.1157567,58.70000076293945,52.211478331372135,0.11572558220492973,-17.010475658578784,0.5806482204259459,0,1015.289921875
2026-05-01 16:19:42.285,GPS LOCK,52.2114896,0.1157576,58.70000076293945,52.21147868518297,0.1157265756092104,-17.025731627054153,0.5876231453757214,0,1015.324375
2026-05-01 16:19:43.384,GPS LOCK,52.211493,0.115762,58.70000076293945,52.21147956793437,0.11572869020811596,-17.05197547076368,0.5260685394621537,0,1015.285703125
2026-05-01 16:19:44.479,GPS LOCK,52.2114937,0.1157635,58.70000076293945,52.21147999647503,0.11572982590597734,-17.056321957802833,0.5347625296202901,0,1015.3209375
2026-05-01 16:19:45.569,GPS LOCK,52.2114946,0.1157659,58.70000076293945,52.21148032792653,0.11573114642997442,-17.098253078881267,0.5407590161434983,0,1015.349296875
2026-05-01 16:19:46.659,GPS LOCK,52.2114955,0.1157678,58.70000076293945,52.21148061770838,0.11573256734139006,-17.1292124447784,0.5469014752481427,0,1015.324453125
2026-05-01 16:19:47.749,GPS LOCK,52.2114957,0.1157693,58.70000076293945,52.211480777561064,0.11573415172007316,-17.148045644729102,0.55332993369251,0,1015.335546875
2026-05-01 16:19:48.830,GPS LOCK,52.2114962,0.1157706,58.70000076293945,52.21148091042441,0.11573577627312785,-17.160012686910253,0.5590615683772308,0,1015.327734375
2026-05-01 16:19:49.926,GPS LOCK,52.2114952,0.1157703,58.70000076293945,52.211480890352675,0.11573747900986607,-17.172207473407596,0.5652068168934964,0,1015.313671875
2026-05-01 16:19:51.023,GPS LOCK,52.2114949,0.11577,58.70000076293945,52.21148088533845,0.11573910709890499,-17.17897525174848,0.5707381996763122,0,1015.309921875
2026-05-01 16:19:52.126,GPS LOCK,52.2114947,0.1157698,58.70000076293945,52.211480874906165,0.11574063821515282,-17.18311345931752,0.5768674877691762,0,1015.32921875
2026-05-01 16:19:53.216,GPS LOCK,52.2114935,0.1157682,58.70000076293945,52.21148082275109,0.11574202705174813,-17.193443507511105,0.583426560754976,0,1015.31265625
2026-05-01 16:19:54.304,GPS LOCK,52.2114935,0.1157682,58.70000076293945,52.21148051192452,0.1157423220325512,-17.18904003085497,0.667166926455351,0,1015.29859375
2026-05-01 16:19:55.396,GPS LOCK,52.2114955,0.1157712,58.70000076293945,52.21148161463887,0.11574396968305167,-17.180101164274117,0.5576449238161933,0,1015.302578125
2026-05-01 16:19:56.483,GPS LOCK,52.211494,0.1157689,58.70000076293945,52.21148205809862,0.1157446921549593,-17.163075826051323,0.551764959168426,0,1015.298671875
2026-05-01 16:19:57.595,GPS LOCK,52.2114919,0.1157664,58.70000076293945,52.21148236285914,0.11574540278776599,-17.146273481553408,0.54989823023926,0,1015.298671875
2026-05-01 16:19:58.685,GPS LOCK,52.2114901,0.1157642,58.70000076293945,52.21148255568148,0.11574608568050933,-17.11966786608927,0.5512983207062635,0,1015.28
2026-05-01 16:19:59.772,GPS LOCK,52.211489,0.1157625,58.70000076293945,52.21148273280828,0.11574668202106657,-17.097595207098852,0.5542253902622538,0,1015.28140625
2026-05-01 16:20:00.863,GPS LOCK,52.2114869,0.1157609,58.70000076293945,52.21148265349161,0.11574738656329057,-17.078184400210464,0.5589858068625817,0,1015.276640625
2026-05-01 16:20:01.955,GPS LOCK,52.2114867,0.1157609,58.70000076293945,52.211482600593,0.115748031405088,-17.066003846616415,0.5639231974555321,0,1015.28640625
2026-05-01 16:20:03.041,GPS LOCK,52.2114859,0.1157605,58.70000076293945,52.21148245867919,0.11574869750891485,-17.045094106893114,0.5697479760565889,0,1015.2784375
2026-05-01 16:20:04.126,GPS LOCK,52.2114854,0.1157607,58.70000076293945,52.21148225283204,0.11574939350902527,-17.03402228244113,0.5762727524583374,0,1015.284453125
2026-05-01 16:20:05.212,GPS LOCK,52.2114848,0.1157607,58.70000076293945,52.211481977875984,0.11575011996390064,-17.021524906680355,0.5822126486881595,0,1015.288359375
2026-05-01 16:20:06.304,GPS LOCK,52.2114837,0.11576,58.70000076293945,52.2114815822917,0.11575089073179355,-17.012249807657977,0.5887146869857506,0,1015.298359375
2026-05-01 16:20:07.401,GPS LOCK,52.2114786,0.1157565,58.70000076293945,52.211480198333625,0.11575256516845948,-17.005275621232315,0.5293658230426824,0,1015.28359375
2026-05-01 16:20:08.487,GPS LOCK,52.2114735,0.1157536,58.70000076293945,52.21147872920946,0.11575383076705485,-17.010856643166548,0.5428776823830296,0,1015.311015625
2026-05-01 16:20:09.573,GPS LOCK,52.2114689,0.115751,58.70000076293945,52.21147695097448,0.11575524818429768,-17.010863964797892,0.5634402458592421,0,1015.27828125
2026-05-01 16:20:10.656,GPS LOCK,52.2114655,0.1157492,58.70000076293945,52.211475050426394,0.11575676160096625,-16.99621929470563,0.5873854405519544,0,1015.27890625
2026-05-01 16:20:11.744,GPS LOCK,52.2114606,0.1157431,58.70000076293945,52.21147302278861,0.11575828974283349,-16.982671720797068,0.6126084179292962,0,1015.285546875
2026-05-01 16:20:12.844,GPS LOCK,52.211456,0.1157376,58.70000076293945,52.211470878024166,0.11575984534076204,-16.974158803690287,0.637648001146056,0,1015.28625
2026-05-01 16:20:13.939,GPS LOCK,52.2114518,0.1157329,58.70000076293945,52.2114686934184,0.11576138556968672,-16.9642399401304,0.6619514895563138,0,1015.276953125
2026-05-01 16:20:15.026,GPS LOCK,52.2114471,0.1157282,58.70000076293945,52.21146612055665,0.11576302701618599,-16.95165172183243,0.6714719813135678,0,1015.2734375
2026-05-01 16:20:16.123,GPS LOCK,52.2114458,0.1157268,58.70000076293945,52.21146371557476,0.11576430243424453,-16.935061813698937,0.6690395028031259,0,1015.27
2026-05-01 16:20:17.214,GPS LOCK,52.211445,0.1157256,58.70000076293945,52.21146167386527,0.11576496031766521,-16.915284962049068,0.6560071317600538,0,1015.28296875
2026-05-01 16:20:18.297,GPS LOCK,52.2114441,0.1157244,58.70000076293945,52.211460007641634,0.11576499332842408,-16.902199551674986,0.6401328023685594,0,1015.27515625
2026-05-01 16:20:19.393,GPS LOCK,52.2114431,0.115723,58.70000076293945,52.21145839398318,0.11576289541409664,-16.89398929738401,0.5465291941582906,0,1015.28171875
2026-05-01 16:20:20.493,GPS LOCK,52.2114423,0.1157224,58.70000076293945,52.21145748610126,0.1157620171055155,-16.890790412079696,0.5446872924837887,0,1015.27296875
2026-05-01 16:20:21.578,GPS LOCK,52.2114418,0.115722,58.70000076293945,52.21145673616492,0.11576099224185415,-16.892586795224677,0.5465418142006739,0,1015.28453125
2026-05-01 16:20:22.676,GPS LOCK,52.2114411,0.1157218,58.70000076293945,52.21145605441081,0.11575991956046229,-16.8932030886158,0.5499493694242986,0,1015.281640625
2026-05-01 16:20:23.778,GPS LOCK,52.2114404,0.1157211,58.70000076293945,52.211455433475784,0.11575879643793115,-16.896021714936538,0.5550424030082995,0,1015.281875
2026-05-01 16:20:24.869,GPS LOCK,52.2114401,0.1157204,58.70000076293945,52.21145491675989,0.11575758698702365,-16.89380134256981,0.5612398222087257,0,1015.2771875
2026-05-01 16:20:25.968,GPS LOCK,52.2114397,0.1157195,58.70000076293945,52.21145447020204,0.1157563155695978,-16.899825770612345,0.567084007183175,0,1015.285625
2026-05-01 16:20:27.054,GPS LOCK,52.2114394,0.1157185,58.70000076293945,52.21145408942165,0.11575498974396231,-16.912254591689248,0.5734817000818001,0,1015.304296875
2026-05-01 16:20:28.149,GPS LOCK,52.2114391,0.1157176,58.70000076293945,52.211453745171056,0.11575364663839227,-16.921815575308056,0.580327503619355,0,1015.290625
2026-05-01 16:20:29.248,GPS LOCK,52.211439,0.1157172,58.70000076293945,52.2114534236816,0.11575232446943749,-16.921087941776996,0.5875378702310304,0,1015.2790625
2026-05-01 16:20:30.349,GPS LOCK,52.2114386,0.1157167,58.70000076293945,52.21145271166154,0.11574989919107116,-16.914180606733854,0.5251987652897986,0,1015.276484375
2026-05-01 16:20:31.435,GPS LOCK,52.2114383,0.1157162,58.70000076293945,52.21145231867287,0.11574878108182479,-16.912814736534862,0.531218514604047,0,1015.287265625
2026-05-01 16:20:32.534,GPS LOCK,52.2114378,0.1157155,58.70000076293945,52.21145188638901,0.1157477249718923,-16.914190116308156,0.5375626181423248,0,1015.276953125
2026-05-01 16:20:33.637,GPS LOCK,52.2114374,0.1157149,58.70000076293945,52.21145142833848,0.11574671841432843,-16.907544317750848,0.5432856188038975,0,1015.271015625
2026-05-01 16:20:34.722,GPS LOCK,52.2114373,0.1157145,58.70000076293945,52.211450989799125,0.11574572653923355,-16.88999234225929,0.549394277344162,0,1015.255390625
2026-05-01 16:20:35.807,GPS LOCK,52.2114369,0.1157139,58.70000076293945,52.211450530069456,0.11574477855871362,-16.883847870000064,0.5559175534767297,0,1015.27609375
2026-05-01 16:20:36.891,GPS LOCK,52.2114365,0.1157136,58.70000076293945,52.21145003176662,0.11574390118120251,-16.890798784774244,0.5617998849482575,0,1015.294140625
2026-05-01 16:20:37.984,GPS LOCK,52.2114355,0.1157129,58.70000076293945,52.21144942022881,0.11574314920672366,-16.901154134322383,0.5681397396673753,0,1015.296796875
2026-05-01 16:20:39.070,GPS LOCK,52.211434,0.115711,58.70000076293945,52.2114486932795,0.11574246623747154,-16.89777269039471,0.5738549648237712,0,1015.276640625
2026-05-01 16:20:40.153,GPS LOCK,52.211433,0.1157098,58.70000076293945,52.211447914838864,0.11574182406887892,-16.8862600814037,0.5801267040624608,0,1015.26046875
2026-05-01 16:20:41.253,GPS LOCK,52.2114317,0.1157083,58.70000076293945,52.21144707168514,0.1157412213845519,-16.87914489243162,0.5869218027732362,0,1015.281796875
2026-05-01 16:20:42.366,GPS LOCK,52.2114292,0.1157051,58.70000076293945,52.21144546978701,0.11573978522303699,-16.884176365042006,0.5251269834253642,0,1015.286953125
2026-05-01 16:20:43.464,GPS LOCK,52.2114286,0.1157043,58.70000076293945,52.211444702239326,0.11573903182943848,-19.22612044563102,0.5305106172245746,0,1012.240390625
2026-05-01 16:20:44.837,GPS LOCK,52.2114286,0.1157043,58.70000076293945,52.211444623050376,0.11573931303324772,-17.55571961772557,0.6043208880579681,0,1014.606953125
2026-05-01 16:20:46.282,GPS LOCK,52.2114254,0.1157019,58.39999771118164,52.21144458226962,0.11573957840676478,-17.199633964641183,0.681948886867734,0,1015.158359375
2026-05-01 16:20:47.734,GPS LOCK,52.2114254,0.1157019,58.39999771118164,52.2114445534697,0.11573981855826732,-17.09099686622555,0.7675449148704735,0,1015.240234375
2026-05-01 16:20:49.227,GPS DEGRADED,52.2114254,0.1157019,58.39999771118164,52.21144452962196,0.11574003376400645,-17.02889941628974,0.8590029839512578,0,1015.244296875
2026-05-01 16:20:50.694,GPS DEGRADED,52.2114254,0.1157019,58.39999771118164,52.21144450885655,0.11574022734980187,-16.984228452862588,0.954601701564053,0,1015.253671875
2026-05-01 16:20:52.093,GPS DEGRADED,52.2114254,0.1157019,58.39999771118164,52.211444488336156,0.1157404009719289,-16.944811705815834,1.0530628456472868,0,1015.2409375
2026-05-01 16:20:53.565,TRUENORTH ACTIVE,52.2114254,0.1157019,58.39999771118164,52.211444470356795,0.11574055815656019,-16.896822343269292,1.1532882340324333,0,1015.233515625
2026-05-01 16:20:55.048,TRUENORTH ACTIVE,52.2114254,0.1157019,58.39999771118164,52.211444455277686,0.11574070072483318,-16.864998581989404,1.2543176237493157,0,1015.254296875
2026-05-01 16:20:56.533,TRUENORTH ACTIVE,52.2114254,0.1157019,58.39999771118164,52.211444441433336,0.11574082953970063,-16.839450029597142,1.3555073892116813,0,1015.255859375
2026-05-01 16:20:58.032,TRUENORTH ACTIVE,52.2114254,0.1157019,58.39999771118164,52.21144442959173,0.11574094626431342,-16.834934591329468,1.4563940356957135,0,1015.289296875
2026-05-01 16:20:59.484,TRUENORTH ACTIVE,52.2114254,0.1157019,58.39999771118164,52.211444422202995,0.11574105287857388,-16.84499249843909,1.5564990111826384,0,1015.288125
2026-05-01 16:21:00.919,TRUENORTH ACTIVE,52.2114254,0.1157019,58.39999771118164,52.21144441776087,0.11574114984954434,-16.85333318845223,1.6554667002777235,0,1015.275234375
2026-05-01 16:21:02.363,TRUENORTH ACTIVE,52.2114254,0.1157019,58.39999771118164,52.2114444143752,0.1157412375595499,-16.849580336597317,1.7531339918021145,0,1015.277578125
2026-05-01 16:21:03.782,TRUENORTH ACTIVE,52.2114254,0.1157019,58.39999771118164,52.21144441114481,0.1157413167294382,-16.85388100611202,1.849451991292087,0,1015.282890625
2026-05-01 16:21:05.119,TRUENORTH ACTIVE,52.2114254,0.1157019,58.39999771118164,52.21144441171373,0.11574138526218687,-16.84982170660556,1.936704691225829,0,1015.31453125
2026-05-01 16:21:06.475,TRUENORTH ACTIVE,52.2114254,0.1157019,58.39999771118164,52.21144439590208,0.11574144053555034,-16.82230558845162,2.0011664942616907,0,1015.352890625
2026-05-01 16:21:07.806,TRUENORTH ACTIVE,52.2114254,0.1157019,58.39999771118164,52.21144436767639,0.11574151119459955,-16.849648033732425,2.0826206835244356,0,1015.266484375
2026-05-01 16:21:09.192,TRUENORTH ACTIVE,52.2114254,0.1157019,58.39999771118164,52.21144433204294,0.11574157425281878,-16.868932567678616,2.170345154259267,0,1015.285859375
2026-05-01 16:21:10.632,TRUENORTH ACTIVE,52.2114254,0.1157019,58.39999771118164,52.21144429603115,0.11574161775891809,-16.86659895679083,2.249564779610702,0,1015.267109375
2026-05-01 16:21:12.054,TRUENORTH ACTIVE,52.2114254,0.1157019,58.39999771118164,52.21144426374817,0.11574164469997057,-16.848630124179067,2.3179220064108788,0,1015.25125
2026-05-01 16:21:13.493,TRUENORTH ACTIVE,52.2114254,0.1157019,58.39999771118164,52.21144423635591,0.11574166158286034,-16.82387538535803,2.3783195617028765,0,1015.252578125
2026-05-01 16:21:14.907,TRUENORTH ACTIVE,52.2114254,0.1157019,58.39999771118164,52.21144421327352,0.11574167354480056,-16.801081973372295,2.434886804440508,0,1015.26125
2026-05-01 16:21:16.361,TRUENORTH ACTIVE,52.2114254,0.1157019,58.39999771118164,52.211444192926116,0.11574168225767023,-16.78736087120857,2.490285311420538,0,1015.259140625
2026-05-01 16:21:17.862,TRUENORTH ACTIVE,52.2114254,0.1157019,58.39999771118164,52.211444172625356,0.11574168307325551,-16.77832168556591,2.543268474011759,0,1015.265390625
2026-05-01 16:21:19.263,TRUENORTH ACTIVE,52.2114254,0.1157019,58.39999771118164,52.21144415401572,0.11574167830216658,-16.78152445263441,2.591538215424097,0,1015.2746875
2026-05-01 16:21:20.737,TRUENORTH ACTIVE,52.2114254,0.1157019,58.39999771118164,52.21144413798331,0.11574167130260322,-16.78283751653622,2.6360286069446306,0,1015.2690625
2026-05-01 16:21:22.249,TRUENORTH ACTIVE,52.2114254,0.1157019,58.39999771118164,52.21144412429064,0.11574166371813928,-16.78161466360538,2.6786539207897038,0,1015.261328125
2026-05-01 16:21:23.752,TRUENORTH ACTIVE,52.2114254,0.1157019,58.39999771118164,52.21144411247535,0.11574165639701399,-16.78508923344457,2.7212119943359534,0,1015.270703125
2026-05-01 16:21:25.164,TRUENORTH ACTIVE,52.2114254,0.1157019,58.39999771118164,52.21144410211397,0.11574164970802028,-16.792277175039132,2.765035188221285,0,1015.2825
2026-05-01 16:21:26.600,TRUENORTH ACTIVE,52.2114254,0.1157019,58.39999771118164,52.21144409290853,0.1157416436144866,-16.799972359794964,2.810870143513311,0,1015.281484375
2026-05-01 16:21:28.112,TRUENORTH ACTIVE,52.2114254,0.1157019,58.39999771118164,52.21144408466045,0.1157416381206616,-16.814558163585367,2.8589960756579975,0,1015.288671875
2026-05-01 16:21:29.594,TRUENORTH ACTIVE,52.2114254,0.1157019,58.39999771118164,52.21144407723359,0.11574163317351571,-16.833578466255748,2.909439322044123,0,1015.302890625
2026-05-01 16:21:30.972,TRUENORTH ACTIVE,52.2114254,0.1157019,58.39999771118164,52.211444070535265,0.1157416286823755,-16.855919559785562,2.9620336621564487,0,1015.292265625
2026-05-01 16:21:32.434,TRUENORTH ACTIVE,52.2114254,0.1157019,58.39999771118164,52.2114440644931,0.11574162457700846,-16.871630784183548,3.016480716766892,0,1015.284296875
2026-05-01 16:21:33.962,TRUENORTH ACTIVE,52.2114254,0.1157019,58.39999771118164,52.21144405903609,0.1157416208446586,-16.8689742310494,3.072509899640281,0,1015.27234375
2026-05-01 16:21:35.451,TRUENORTH ACTIVE,52.2114254,0.1157019,58.39999771118164,52.211444054102046,0.11574161746861031,-16.861846794230807,3.129862799435647,0,1015.275
2026-05-01 16:21:36.823,TRUENORTH ACTIVE,52.2114254,0.1157019,58.39999771118164,52.211444049636974,0.11574161442656077,-16.85974382892696,3.188300350701194,0,1015.2771875
2026-05-01 16:21:38.285,TRUENORTH ACTIVE,52.2114254,0.1157019,58.39999771118164,52.21144404559171,0.11574161170165968,-16.858722495782636,3.2476158926977603,0,1015.272578125
2026-05-01 16:21:39.769,TRUENORTH ACTIVE,52.2114254,0.1157019,58.39999771118164,52.21144404192802,0.11574160925437149,-16.855189185323926,3.3075979902004082,0,1015.275546875
2026-05-01 16:21:41.183,TRUENORTH ACTIVE,52.2114254,0.1157019,58.39999771118164,52.211444038608526,0.11574160706159765,-16.847586726703344,3.3680815385798457,0,1015.26515625
2026-05-01 16:21:42.596,TRUENORTH ACTIVE,52.2114254,0.1157019,58.39999771118164,52.211444035601744,0.1157416050936327,-16.83657660793776,3.4288978702445276,0,1015.25875
2026-05-01 16:21:44.024,TRUENORTH ACTIVE,52.2114254,0.1157019,58.39999771118164,52.21144403288332,0.11574160330710256,-16.826291782259435,3.489881149272067,0,1015.260859375
2026-05-01 16:21:45.500,TRUENORTH ACTIVE,52.2114254,0.1157019,58.39999771118164,52.21144403042085,0.11574160170451898,-16.814365185137763,3.5509021947399244,0,1015.260859375
2026-05-01 16:21:46.979,TRUENORTH ACTIVE,52.2114254,0.1157019,58.39999771118164,52.21144402819123,0.11574160026306708,-16.80385568037971,3.6118602602183265,0,1015.260859375
2026-05-01 16:21:48.445,TRUENORTH ACTIVE,52.2114254,0.1157019,58.39999771118164,52.211444026173446,0.11574159896261935,-16.794594892148766,3.672666804323654,0,1015.260859375
2026-05-01 16:21:49.962,TRUENORTH ACTIVE,52.2114254,0.1157019,58.39999771118164,52.2114440243478,0.11574159778763832,-16.78643445065959,3.733245633367636,0,1015.260859375
2026-05-01 16:21:51.347,TRUENORTH ACTIVE,52.2114254,0.1157019,58.39999771118164,52.21144402269618,0.11574159672526715,-16.779243615102448,3.793533387012521,0,1015.260859375
2026-05-01 16:21:52.858,TRUENORTH ACTIVE,52.2114254,0.1157019,58.39999771118164,52.21144402120208,0.11574159576440268,-16.772907179006623,3.853478250000169,0,1015.260859375
